Date,Open,High,Low,Close,Volume
2024-09-11,57640.225,57752.1329,56094.1884,56688.1953,23650.0
2024-09-10,57037.3262,58045.4404,56388.03,57638.7039,71921.0
2024-09-09,54870.9152,58101.1422,54591.234,57038.971,84411.0
2024-09-08,54160.9171,55317.9073,53629.1251,54871.9134,45606.0
2024-09-07,53961.9461,54850.0469,53746.801,54160.7799,53796.0
2024-09-06,56178.898,57016.3589,52545.3851,53961.8674,127330.0
2024-09-05,57970.984,58329.0632,55637.6632,56178.4916,80380.0
2024-09-04,57484.8206,58521.2739,55596.2877,57970.4855,91768.0
2024-09-03,59135.6245,59813.0789,57409.5449,57485.8402,77798.0
2024-09-02,57292.7008,59427.3534,57126.3342,59135.4782,87067.0
2024-09-01,58971.2977,59077.6452,57191.9327,57300.6889,75965.0
2024-08-31,59125.2956,59461.3862,58740.9681,58973.4197,35596.0
2024-08-30,59355.2982,59943.451,57704.2317,59125.6362,87917.0
2024-08-29,59036.7683,61168.2156,58764.4343,59357.1374,88117.0
2024-08-28,59414.4301,60236.0736,57843.863,59036.5116,106588.0
2024-08-27,62829.003,63212.408,58007.2569,59412.843,113641.0
2024-08-26,64220.8458,64479.9613,62800.3686,62834.3373,78478.0
2024-08-25,64154.0482,65012.8493,63779.2614,64222.2297,50164.0
2024-08-24,64043.2947,64495.3535,63541.5542,64155.3138,57755.0
2024-08-23,60382.6309,64968.3334,60343.1818,64040.736,104103.0
2024-08-22,61156.9871,61405.3003,59713.7427,60380.4414,73796.0
2024-08-21,59009.2163,61819.3097,58779.9805,61152.4229,83687.0
2024-08-20,59439.8459,61408.8616,58538.4165,59012.3998,90278.0
2024-08-19,58431.012,59611.3173,57798.7226,59440.6748,72743.0
2024-08-18,59496.0357,60282.059,58416.2358,58430.9343,54317.0
2024-08-17,58877.5589,59707.9741,58794.869,59495.0738,43701.0
2024-08-16,57538.8688,59819.6519,57102.265,58876.1867,85784.0
2024-08-15,58683.3585,59850.1137,56170.3228,57541.7659,105006.0
2024-08-14,60586.1155,61819.2658,58434.8161,58684.8962,90756.0
2024-08-13,59347.9853,61574.6747,58405.3214,60584.9496,86785.0
2024-08-12,58716.9405,60708.3025,57642.1199,59347.377,97435.0
2024-08-11,60923.3006,61869.495,58294.1704,58718.6121,69275.0
2024-08-10,60841.7416,61477.6567,60243.9146,60923.3772,48474.0
2024-08-09,61687.1412,61748.6773,59531.0314,60838.3735,78704.0
2024-08-08,55135.6232,62739.9367,54736.4742,61686.9628,107294.0
2024-08-07,56018.885,57734.4374,54557.0286,55136.3658,100849.0
2024-08-06,54018.7223,57052.5319,53950.8428,56022.6451,123948.0
2024-08-05,58162.29,58306.0287,49060.4303,54017.9743,330610.0
2024-08-04,60702.5615,61119.2769,57142.3384,58161.1806,79631.0
2024-08-03,61495.4772,62196.9328,59847.9781,60703.3461,79362.0
2024-08-02,65356.2108,65591.8048,61228.4227,61495.7115,104556.0
2024-08-01,64629.362,65657.5938,62291.5744,65356.7353,96061.0
2024-07-31,66189.2672,66846.2804,64522.8357,64630.4788,63080.0
2024-07-30,66782.0484,66999.1758,65305.0747,66189.7186,64723.0
2024-07-29,68246.1437,70069.9577,66414.6236,66785.5935,88425.0
2024-07-28,67897.493,68325.1848,67065.1113,68245.2464,35777.0
2024-07-27,67908.1042,69403.632,66651.0932,67896.7183,72959.0
2024-07-26,65800.4051,68206.139,65720.117,67906.8269,65294.0
2024-07-25,65375.3508,66173.3246,63457.1118,65800.6747,84122.0
2024-07-24,65936.9125,67102.7891,65101.5799,65376.1208,59349.0
2024-07-23,67528.4219,67747.8601,65438.9777,65937.1602,79023.0
2024-07-22,68167.5029,68478.3025,66548.0739,67529.0839,59923.0
2024-07-21,67136.7327,68368.4304,65774.8262,68166.0933,55356.0
2024-07-20,66662.7033,67602.5113,66229.6463,67135.2971,36173.0
2024-07-19,63989.7348,67390.2578,63301.2266,66660.1913,78859.0
2024-07-18,64088.6855,65127.0631,63237.1158,63989.6754,58329.0
2024-07-17,65043.8918,66122.5935,63855.7041,64090.2934,70133.0
2024-07-16,64721.6077,65365.1498,62380.3709,65043.2918,94813.0
2024-07-15,60793.6912,64903.4281,60641.3469,64722.831,90605.0
2024-07-14,59202.2003,61424.9374,59194.1332,60791.9492,54181.0
2024-07-13,57885.1789,59851.7919,57755.5981,59204.0394,41445.0
2024-07-12,57339.4186,58522.693,56543.6722,57890.3521,61850.0
2024-07-11,57727.9047,59607.2818,57050.9867,57340.2943,67852.0
2024-07-10,58047.3253,59469.5974,57160.029,57728.6773,62758.0
2024-07-09,56713.5379,58294.5289,56290.1346,58047.2394,67790.0
2024-07-08,55855.2642,58206.8704,54270.8959,56714.6788,98856.0
2024-07-07,58233.312,58448.5729,55726.5886,55860.6553,53134.0
2024-07-06,56628.0577,58476.1717,56020.1486,58233.2614,54004.0
2024-07-05,57049.7931,57545.4247,53447.7074,56631.5583,148067.0
2024-07-04,60210.75,60498.6254,56766.7776,57051.3157,113828.0
2024-07-03,62136.1427,62286.321,59396.3576,60210.6015,74026.0
2024-07-02,62897.8537,63286.5966,61810.6767,62133.7575,46903.0
2024-07-01,62773.071,63860.4642,62510.7694,62899.1448,61774.0
2024-06-30,60985.0778,63060.1113,60713.2335,62772.157,40770.0
2024-06-29,60430.593,61223.5679,60396.8862,60984.6852,28323.0
2024-06-28,61702.055,62226.5352,60053.1978,60430.7319,65078.0
2024-06-27,60862.0496,62391.7467,60609.8602,61702.5254,51049.0
2024-06-26,61805.3339,62487.8979,60710.7414,60862.294,52363.0
2024-06-25,60296.2253,62399.1188,60256.165,61805.7495,70218.0
2024-06-24,63209.7549,63369.101,58401.2209,60294.6318,118132.0
2024-06-23,64261.3292,64521.0653,63168.2913,63209.6607,23018.0
2024-06-22,64143.2139,64538.8547,63940.7827,64260.5651,18353.0
2024-06-21,64873.5382,65070.5317,63379.3034,64142.2312,62552.0
2024-06-20,64969.7682,66483.4122,64557.4453,64872.2744,56521.0
2024-06-19,65174.8825,65727.6791,64666.8626,64970.3465,49146.0
2024-06-18,66496.4591,66587.8807,64056.4609,65175.4104,96501.0
2024-06-17,66676.773,67298.9748,65130.5177,66496.8726,73675.0
2024-06-16,66226.0534,66986.0727,66036.1124,66677.1199,28174.0
2024-06-15,66045.3209,66477.5737,65855.7701,66225.9106,28907.0
2024-06-14,66774.822,67367.4056,65067.6828,66045.195,72068.0
2024-06-13,68262.6425,68458.9995,66262.5154,66773.8276,83046.0
2024-06-12,67314.3424,70001.2367,66903.6486,68262.8175,92471.0
2024-06-11,69534.6685,69585.0933,66051.9236,67314.5308,106868.0
2024-06-10,69643.4173,70188.1808,69174.6198,69536.2211,52511.0
2024-06-09,69312.0726,69850.9291,69134.7872,69642.3442,31354.0
2024-06-08,69353.8736,69583.6411,69170.018,69310.5438,27837.0
2024-06-07,70797.9967,71992.7441,68431.9595,69355.8017,78054.0
2024-06-06,71108.2095,71673.3237,70115.1015,70797.8454,52102.0
2024-06-05,70541.7987,71759.647,70383.2042,71107.2576,63211.0
2024-06-04,68808.2024,71065.0082,68575.5317,70538.8788,66373.0
2024-06-03,67766.3905,70284.4562,67611.6507,68810.3753,69139.0
2024-06-02,67764.9054,68461.4237,67270.3258,67766.8369,36152.0
2024-06-01,67539.7003,67890.1594,67433.381,67765.1033,23349.0
2024-05-31,68354.458,69044.8426,66666.6692,67540.9341,57644.0
2024-05-30,67651.1381,69501.2853,67129.2449,68354.6154,69946.0
2024-05-29,68401.7082,68932.9184,67130.819,67651.4368,60011.0
2024-05-28,69433.0335,69591.7043,67282.3056,68400.7947,70777.0
2024-05-27,68508.098,70689.2194,68255.1981,69433.3004,56323.0
2024-05-26,69289.8063,69555.2778,68144.9463,68508.4447,28722.0
2024-05-25,68552.4374,69610.3015,68500.7765,69289.351,27950.0
2024-05-24,67968.0378,69249.406,66607.5817,68553.6362,60199.0
2024-05-23,69198.5075,70092.6827,66303.2565,67971.9753,87301.0
2024-05-22,70154.2539,70665.1482,68876.0263,69172.3445,65884.0
2024-05-21,71437.6254,71973.8884,69160.1527,70147.9746,95711.0
2024-05-20,66272.0654,71531.8769,66061.696,71436.5556,100306.0
2024-05-19,66912.3342,67708.6545,65863.7711,66273.3506,40940.0
2024-05-18,67018.3776,67385.2104,66578.0564,66912.325,33988.0
2024-05-17,65236.6734,67452.7264,65105.3188,67017.5224,59294.0
2024-05-16,66214.7453,66758.9481,64607.9032,65236.3872,67178.0
2024-05-15,61577.3328,66440.1543,61328.0476,66209.9151,87153.0
2024-05-14,62934.3431,63115.4962,61130.6287,61576.2308,63340.0
2024-05-13,61498.9591,63453.4646,60751.396,62934.2224,70928.0
2024-05-12,60826.3029,61878.7114,60610.1702,61490.2835,29317.0
2024-05-11,60802.3553,61515.3131,60486.5603,60826.5971,28114.0
2024-05-10,63072.3025,63467.0431,60186.1972,60800.9437,72310.0
2024-05-09,61191.821,63428.9675,60627.0794,63070.9248,61893.0
2024-05-08,62310.9138,63019.1468,60887.2219,61193.7371,60111.0
2024-05-07,63166.5998,64414.2795,62252.8998,62315.6798,60711.0
2024-05-06,64014.5259,65506.0308,62713.5627,63166.6153,72766.0
2024-05-05,63891.9423,64646.7376,62854.5041,64014.2114,42412.0
2024-05-04,62876.846,64532.6372,62544.0044,63891.7733,51801.0
2024-05-03,59061.666,63329.9079,58810.7346,62878.1121,90399.0
2024-05-02,58356.2418,59628.2233,56929.0739,59061.7217,92809.0
2024-05-01,60673.1856,60844.5941,56554.2867,58356.6396,149967.0
2024-04-30,63865.7182,64732.322,59189.4959,60673.8733,106315.0
2024-04-29,63115.7949,64217.6892,61775.3445,63863.9619,68625.0
2024-04-28,63459.3292,64371.31,62776.6731,63118.9386,39937.0
2024-04-27,63772.2305,63924.5395,62404.4822,63459.7191,44170.0
2024-04-26,64497.9675,64817.8303,63307.1666,63772.443,61111.0
2024-04-25,64293.5843,65292.0388,62819.6132,64497.3706,72316.0
2024-04-24,66414.4694,67074.0683,63605.5158,64288.5004,67903.0
2024-04-23,66816.733,67182.1284,65773.8831,66414.4942,48053.0
2024-04-22,64940.9582,67233.9369,64502.4062,66816.5518,55220.0
2024-04-21,64938.5785,65696.1395,64237.7091,64940.8871,41508.0
2024-04-20,63817.2332,65419.4167,63093.3155,64939.5624,48138.0
2024-04-19,63469.1676,65447.878,59597.0565,63816.7463,117183.0
2024-04-18,61277.1168,64121.1249,60800.6368,63469.808,82118.0
2024-04-17,63793.2794,64501.3355,59683.0995,61277.7439,93371.0
2024-04-16,63419.1999,64377.6777,61595.1575,63793.6615,94860.0
2024-04-15,65659.9111,66861.0128,62272.3419,63420.5831,94642.0
2024-04-14,63922.9396,65840.1808,62131.9039,65661.5571,101446.0
2024-04-13,67114.6603,67933.9154,60489.889,63924.1412,124584.0
2024-04-12,70138.8382,71227.3563,65087.0061,67117.255,91604.0
2024-04-11,70630.0205,71297.5317,69580.4592,70018.866,46572.0
2024-04-10,69150.9308,71171.4434,67591.3778,70631.7837,63148.0
2024-04-09,71622.0005,71758.064,68242.3838,69174.3293,57288.0
2024-04-08,69375.7832,72779.3327,69061.9751,71624.7685,71087.0
2024-04-07,68892.6425,70322.4861,68818.5208,69358.4654,40536.0
2024-04-06,67820.467,69685.5799,67450.6391,68892.7036,41077.0
2024-04-05,68488.3634,68752.8292,65956.4964,67821.1118,65645.0
2024-04-04,65963.296,69309.2004,65067.5641,68488.2049,68131.0
2024-04-03,65462.7142,66903.9389,64486.2328,65963.4629,68147.0
2024-04-02,69650.4858,69676.2527,64562.5344,65469.0037,108805.0
2024-04-01,71279.4887,71288.8504,68134.0106,69650.8687,59930.0
2024-03-31,69582.9748,71368.4655,69561.601,71283.4344,37179.0
2024-03-30,69851.3819,70319.4635,69540.7762,69583.7465,29376.0
2024-03-29,70780.6298,70916.4141,69011.7254,69851.6946,44683.0
2024-03-28,69467.5731,71539.9609,68902.6687,70781.6005,60861.0
2024-03-27,70033.887,71763.7041,68366.4206,69463.3421,86638.0
2024-03-26,69878.548,71556.0226,69312.6951,69987.8609,68715.0
2024-03-25,67207.5292,71143.4108,66384.1832,69877.4304,98335.0
2024-03-24,63992.563,67626.424,63778.5682,67208.0233,62473.0
2024-03-23,63798.5915,65996.7631,63000.3809,63992.1488,56069.0
2024-03-22,65501.2856,66598.1678,62271.3278,63797.0901,83703.0
2024-03-21,67837.476,68237.6948,64551.5048,65515.3369,92596.0
2024-03-20,61935.6928,68098.3691,60775.7129,67837.7449,137590.0
2024-03-19,67605.4656,68118.6954,61556.7096,61938.7141,150168.0
2024-03-18,68393.4815,68957.9063,66558.2415,67607.537,94068.0
2024-03-17,65303.5837,68902.8383,64530.9541,68393.8845,87472.0
2024-03-16,69501.2703,70042.7376,64774.6533,65304.2079,94425.0
2024-03-15,71392.7747,72418.3312,65614.7283,69498.2188,159200.0
2024-03-14,73071.6362,73775.5192,68602.6242,71406.2554,105739.0
2024-03-13,71534.4789,73632.4985,71397.6381,73070.7308,69440.0
2024-03-12,72077.9885,72960.8214,68789.6304,71456.2014,86773.0
2024-03-11,68953.2061,72795.7125,67028.1263,72078.0513,112288.0
2024-03-10,68422.7406,69883.4614,68095.5654,68953.3417,56533.0
2024-03-09,68121.0378,68536.4738,67859.1012,68312.5734,30942.0
2024-03-08,66823.3144,69973.1359,66085.6731,68121.3099,105813.0
2024-03-07,66065.946,67972.3493,65556.0826,66822.8502,82818.0
2024-03-06,63720.3159,67580.1348,62744.3324,66031.3375,134478.0
2024-03-05,68098.1523,68889.435,59006.9663,63724.1824,215679.0
2024-03-04,63113.6195,68483.9556,62284.8583,68239.1058,138345.0
2024-03-03,61983.6953,63237.619,61368.6551,63113.5385,54036.0
2024-03-02,62384.5629,62436.0836,61557.6391,61988.6447,47988.0
2024-03-01,61133.3774,63107.8187,60760.5557,62385.6361,76702.0
2024-02-29,62430.193,63681.621,60380.0542,61133.8694,130303.0
2024-02-28,57032.1951,64010.2623,56691.1139,62431.8863,185189.0
2024-02-27,54739.6627,57586.1069,54646.9288,57032.1812,102071.0
2024-02-26,51728.0085,54898.3475,50903.5264,54473.2964,65748.0
2024-02-25,51566.809,51955.7607,51283.6373,51727.7069,29774.0
2024-02-24,50742.5782,51699.4026,50584.5162,51567.3943,27099.0
2024-02-23,51289.0139,51547.7113,50535.9027,50785.8987,52533.0
2024-02-22,51849.6746,52068.9018,50941.3584,51289.5164,59938.0
2024-02-21,52259.7141,52366.6626,50643.0603,51850.2081,67217.0
2024-02-20,51774.2591,52969.5504,50778.7441,52260.1033,84449.0
2024-02-19,52137.4042,52489.0723,51681.0731,51775.9607,51600.0
2024-02-18,51644.1798,52380.5209,51163.6681,52136.1587,42756.0
2024-02-17,52123.3776,52163.2108,50621.1587,51642.998,52632.0
2024-02-16,51879.0425,52563.6981,51569.2789,52124.5617,71124.0
2024-02-15,51794.1662,52814.2444,51311.2022,51879.7455,95708.0
2024-02-14,49698.4443,52036.1539,49226.6729,51792.7681,101756.0
2024-02-13,49917.7827,50366.9318,48302.2514,49697.5001,98034.0
2024-02-12,48300.1598,50327.7913,47716.4323,49917.9859,104791.0
2024-02-11,47737.2349,48590.0984,47545.2711,48299.0118,60479.0
2024-02-10,47131.6345,48148.9979,46788.1483,47737.7591,49785.0
2024-02-09,45283.5282,48186.4779,45237.6491,47132.7653,135446.0
2024-02-08,44348.6346,45601.9444,44330.1915,45280.842,82868.0
2024-02-07,43097.9739,44392.8661,42786.114,44348.199,67132.0
2024-02-06,42708.6028,43392.2527,42569.8527,43098.6395,51022.0
2024-02-05,42585.4133,43568.244,42258.1934,42709.3287,55932.0
2024-02-04,43010.9734,43118.0997,42227.383,42582.9894,35513.0
2024-02-03,43199.5442,43378.9135,42881.8794,43010.8108,26196.0
2024-02-02,43083.2369,43484.6401,42542.0438,43199.9589,55711.0
2024-02-01,42579.9845,43285.7596,41882.9469,43082.3676,64294.0
2024-01-31,42941.6257,43743.2281,42282.1403,42582.9941,70094.0
2024-01-30,43301.5863,43929.2991,42687.2411,42941.9818,68183.0
2024-01-29,42031.671,43328.8272,41804.6477,43301.6937,56180.0
2024-01-28,42120.294,42840.3983,41621.8248,42030.8884,51488.0
2024-01-27,41822.8354,42197.9083,41396.5725,42119.8105,30906.0
2024-01-26,39957.3895,42245.9997,39822.8885,41822.6944,79817.0
2024-01-25,40084.0497,40299.5615,39550.0127,39955.342,53774.0
2024-01-24,39895.524,40554.2557,39489.7008,40084.121,69513.0
2024-01-23,39567.296,40177.1183,38554.6831,39895.8936,98721.0
2024-01-22,41580.6311,41690.1668,39386.9873,39567.4961,99705.0
2024-01-21,41694.3141,41881.0446,41496.661,41579.5747,25300.0
2024-01-20,41658.5542,41868.2515,41456.5711,41694.9113,33121.0
2024-01-19,41327.7258,42192.7138,40282.5073,41658.5222,84466.0
2024-01-18,42775.4228,42928.4332,40684.2202,41325.4698,78892.0
2024-01-17,43137.872,43196.9903,42205.7194,42775.8831,62473.0
2024-01-16,42511.662,43575.3639,42052.4783,43138.8933,75090.0
2024-01-15,41733.2457,43393.7278,41718.5273,42514.9745,69304.0
2024-01-14,42845.8154,43078.3546,41721.8972,41736.348,49920.0
2024-01-13,42784.9737,43257.7596,42438.9616,42850.0162,63243.0
2024-01-12,46339.6692,46513.974,41481.8902,42783.5078,133783.0
2024-01-11,46653.4491,48960.684,45585.5294,46340.6679,137687.0
2024-01-10,46111.9234,47711.2507,44313.9887,46652.6592,149146.0
2024-01-09,46948.6695,47959.7623,44751.6668,46112.3835,116022.0
2024-01-08,43928.3337,47238.8884,43180.7122,46948.5827,113535.0
2024-01-07,43968.3224,44476.4607,43582.6339,43926.4882,41283.0
2024-01-06,44146.8409,44213.4817,43399.8271,43967.8277,34708.0
2024-01-05,44150.5096,44351.6655,42438.1764,44133.0509,83146.0
2024-01-04,42841.9709,44737.0282,42616.4208,44151.0505,82061.0
2024-01-03,44948.2452,45501.2783,40656.2861,42843.8163,140378.0
2024-01-02,44173.9658,45872.581,44144.4448,44947.6436,105152.0
2024-01-01,42282.7521,44172.6768,42182.4841,44165.8877,48572.0
2023-12-31,42141.0586,42894.1068,41962.8558,42282.0298,44344.0
2023-12-30,42066.964,42609.4242,41521.8682,42141.1971,44271.0
2023-12-29,42565.2669,43109.132,41300.7354,42067.2278,75084.0
2023-12-28,43428.4032,43785.3582,42243.8546,42563.4403,60401.0
2023-12-27,42510.1556,43672.1947,42105.3874,43429.0584,59474.0
2023-12-26,43549.3415,43567.7513,41647.4049,42510.7147,66050.0
2023-12-25,42993.0737,43799.0157,42724.1463,43575.9687,44351.0
2023-12-24,43703.1058,43944.4301,42547.6007,42992.2638,42009.0
2023-12-23,43968.6632,43988.6694,43306.1582,43704.4616,27964.0
2023-12-22,43859.3378,44390.5836,43413.793,43964.6985,55854.0
2023-12-21,43667.5632,44231.3965,43292.5576,43858.2897,60929.0
2023-12-20,42276.0082,44282.8338,42206.5724,43667.0044,84934.0
2023-12-19,42656.9618,43488.3324,41809.4801,42275.6351,74548.0
2023-12-18,41375.054,42755.2117,40550.4451,42657.2177,84921.0
2023-12-17,42277.832,42424.0138,41257.4245,41374.7879,53100.0
2023-12-16,41939.3862,42720.4723,41617.207,42277.5636,43859.0
2023-12-15,43022.0085,43081.3271,41667.9025,41939.8072,60141.0
2023-12-14,42868.2214,43414.4375,41405.3494,43021.7987,75668.0
2023-12-13,41481.1614,43471.5329,40576.2503,42868.3109,79824.0
2023-12-12,41252.9724,42102.1917,40686.8309,41493.421,72880.0
2023-12-11,43747.6008,43766.232,40227.018,41253.6505,125484.0
2023-12-10,43712.5549,44045.3483,43566.4495,43787.4131,34285.0
2023-12-09,44172.1538,44356.2009,43574.6703,43712.4555,46625.0
2023-12-08,43273.0174,44697.0278,43074.7801,44171.4346,72177.0
2023-12-07,43708.7799,44033.6918,42803.3986,43273.7873,81403.0
2023-12-06,43982.696,44227.2127,43271.5096,43712.3576,88005.0
2023-12-05,41951.4312,44406.5368,41318.1024,43999.0762,116028.0
2023-12-04,39956.4179,42380.3463,39949.0137,41956.9691,125605.0
2023-12-03,39403.9417,40188.3118,39237.6218,39931.8091,49269.0
2023-12-02,38662.8714,39677.2596,38611.5136,39406.7672,47557.0
2023-12-01,37721.4024,38971.3976,37614.0606,38667.5138,75830.0
2023-11-30,37836.6794,38112.93,37477.1745,37719.194,47794.0
2023-11-29,37808.1269,38420.1974,37553.6968,37838.4756,61107.0
2023-11-28,37244.9893,38352.0614,36875.0976,37808.9738,69908.0
2023-11-27,37430.4629,37558.1041,36718.169,37245.1002,57146.0
2023-11-26,37750.3772,37787.6651,37139.4652,37431.1087,40992.0
2023-11-25,37667.0674,37829.097,37502.5199,37723.84,26062.0
2023-11-24,37292.0627,38371.4288,37250.2162,37697.316,77619.0
2023-11-23,37395.244,37632.0914,36874.1234,37290.2312,46503.0
2023-11-22,35746.7439,37832.3079,35646.5846,37389.3248,78174.0
2023-11-21,37328.2789,37630.696,35752.5499,35762.9558,82914.0
2023-11-20,37357.2275,37738.6069,36679.4179,37446.2244,56640.0
2023-11-19,36567.4342,37494.4594,36385.9448,37355.773,35733.0
2023-11-18,36612.8063,36843.0066,36185.3304,36566.8836,32040.0
2023-11-17,36170.2956,36791.4273,35864.0925,36612.8833,61826.0
2023-11-16,37856.7494,37925.3625,35506.8824,36164.0021,71749.0
2023-11-15,35551.2947,37964.3647,35363.5248,37855.6623,80204.0
2023-11-14,36460.6393,36743.9135,34816.0654,35551.5989,71284.0
2023-11-13,37063.2083,37407.5124,36332.2752,36461.7346,59035.0
2023-11-12,37128.3878,37254.1059,36751.1678,37062.8819,34011.0
2023-11-11,37258.8863,37396.8377,36656.9786,37129.7883,39309.0
2023-11-10,36702.1191,37507.6116,36327.1104,37282.6433,62562.0
2023-11-09,35623.3849,37972.8422,35554.2485,36685.0204,107206.0
2023-11-08,35395.09,36101.3052,35101.8784,35623.0434,51619.0
2023-11-07,35045.392,35881.0577,34527.1868,35394.249,53603.0
2023-11-06,35012.5978,35276.3506,34714.0585,35045.071,36751.0
2023-11-05,35061.5649,35376.3148,34448.9891,35013.2445,38974.0
2023-11-04,34714.6357,35253.5283,34586.6202,35061.2637,29494.0
2023-11-03,34940.8746,34947.7748,34121.9292,34716.3495,57004.0
2023-11-02,35410.6725,35959.0566,34305.0522,34939.8519,69252.0
2023-11-01,34626.7349,35582.0748,34097.8977,35424.2135,77252.0
2023-10-31,34475.3415,34719.1815,34028.8021,34636.0648,56056.0
2023-10-30,34525.3421,34850.0405,34064.3384,34475.2644,52726.0
2023-10-29,34081.3537,34749.2122,33930.6415,34525.4164,35020.0
2023-10-28,33891.7696,34491.4947,33859.7681,34081.3463,30461.0
2023-10-27,34150.9253,34244.7623,33393.6599,33891.9758,53061.0
2023-10-26,34495.7745,34824.0696,33747.083,34151.2465,62990.0
2023-10-25,33923.9843,35130.4951,33686.0493,34495.6251,86903.0
2023-10-24,33109.3064,35241.0611,32846.0378,33919.9908,158317.0
2023-10-23,29992.0427,34839.5161,29884.6307,33068.246,142699.0
2023-10-22,29909.3638,30251.7,29647.6454,29990.3013,43780.0
2023-10-21,29663.8482,30359.3585,29467.8543,29909.2269,52516.0
2023-10-20,28714.8309,30180.3734,28578.4404,29676.8039,100872.0
2023-10-19,28317.1912,28919.2377,28110.8195,28713.8038,68129.0
2023-10-18,28397.2054,28983.4635,28145.3776,28319.9106,60331.0
2023-10-17,28501.1876,28616.0157,28071.9184,28396.7291,70562.0
2023-10-16,27176.5256,30062.6394,27130.1743,28501.4178,137613.0
2023-10-15,26852.772,27293.3335,26808.8404,27154.0833,32280.0
2023-10-14,26862.2055,26987.7627,26790.0979,26852.9494,22808.0
2023-10-13,26759.648,27125.5118,26685.7097,26862.0486,51882.0
2023-10-12,26875.8174,26945.5454,26555.1656,26759.873,50422.0
2023-10-11,27381.491,27466.9446,26538.1956,26876.159,68356.0
2023-10-10,27590.4506,27734.4281,27299.8971,27392.2577,42659.0
2023-10-09,27917.5514,27987.2309,27260.9586,27590.1284,59340.0
2023-10-08,27955.1385,28091.8808,27688.8815,27917.489,36211.0
2023-10-07,27930.9542,28027.3585,27842.3854,27956.3613,27892.0
2023-10-06,27413.4265,28288.1904,27176.4573,27931.0959,70039.0
2023-10-05,27779.4459,28116.5721,27356.2748,27412.5924,56182.0
2023-10-04,27426.4807,27837.9433,27210.8279,27779.681,56053.0
2023-10-03,27496.5052,27675.268,27166.0142,27425.8486,54457.0
2023-10-02,27992.8295,28579.315,27296.2769,27508.4493,103378.0
2023-10-01,26963.7728,28087.222,26955.335,27991.8337,45904.0
2023-09-30,26907.6429,27094.394,26887.5333,26963.4704,23778.0
2023-09-29,27020.7796,27242.3004,26668.7275,26908.005,52849.0
2023-09-28,26372.9686,27308.9328,26343.2115,27021.7234,75193.0
2023-09-27,26221.0327,26849.18,26111.8591,26372.89,60297.0
2023-09-26,26304.126,26396.397,26091.6144,26220.7406,35515.0
2023-09-25,26247.8243,26446.5385,25992.0932,26304.1207,51264.0
2023-09-24,26576.2696,26737.9229,26122.864,26249.0553,27650.0
2023-09-23,26580.0296,26633.716,26510.5479,26575.7617,15890.0
2023-09-22,26568.1076,26766.7901,26467.5076,26579.8812,33406.0
2023-09-21,27124.3175,27159.6654,26377.7194,26568.1858,57760.0
2023-09-20,27209.8082,27388.8226,26800.2332,27124.3286,60205.0
2023-09-19,26771.4407,27483.773,26675.7557,27208.9242,60632.0
2023-09-18,26527.4955,27404.6084,26379.1184,26762.4477,69946.0
2023-09-17,26559.8764,26621.8745,26398.8445,26527.349,20502.0
2023-09-16,26601.6882,26775.4642,26445.5513,26559.6095,23168.0
2023-09-15,26523.5706,26886.2519,26224.0433,26601.1058,44050.0
2023-09-14,26221.61,26860.8375,26126.8271,26523.422,62364.0
2023-09-13,25839.8195,26405.6392,25764.1522,26221.3888,55439.0
2023-09-12,25163.7227,26560.8896,25132.8683,25839.8877,96297.0
2023-09-11,25842.4311,25900.8416,24902.4237,25163.8789,71800.0
2023-09-10,25901.7649,26031.9981,25571.8539,25842.3688,32257.0
2023-09-09,25909.91,25944.8278,25798.8452,25901.6225,18139.0
2023-09-08,26255.2009,26444.7679,25648.7217,25909.7644,49010.0
2023-09-07,25760.4253,26441.2116,25617.0585,26254.3674,49497.0
2023-09-06,25792.0589,26040.1975,25373.9949,25760.4288,52093.0
2023-09-05,25825.4882,25910.2148,25564.247,25791.9656,36569.0
2023-09-04,25971.7561,26105.2024,25632.7711,25825.5779,43619.0
2023-09-03,25869.728,26132.4459,25800.8775,25971.1873,49337.0
2023-09-02,25805.7518,25986.1913,25753.8672,25869.4226,44833.0
2023-09-01,25940.0733,26158.241,25335.3634,25805.6078,100368.0
2023-08-31,27299.9272,27582.1763,25655.2377,25940.2054,112277.0
2023-08-30,27717.6827,27766.5926,27016.8139,27299.7301,77773.0
2023-08-29,26120.1178,28140.7455,25923.4787,27717.6718,129687.0
2023-08-28,26100.6719,26251.1196,25865.3756,26120.0367,46378.0
2023-08-27,26018.1157,26181.0823,25967.0685,26100.1962,25421.0
2023-08-26,26059.6251,26120.3669,25984.3936,26018.3889,21604.0
2023-08-25,26178.9407,26310.3303,25780.3335,26059.602,55205.0
2023-08-24,26432.5841,26576.6355,25874.6045,26179.4738,55063.0
2023-08-23,26056.0976,26818.3248,25813.7373,26433.1283,75928.0
2023-08-22,26126.4878,26139.2349,25316.8694,26054.8026,64085.0
2023-08-21,26189.2446,26251.3105,25811.6131,26125.767,56068.0
2023-08-20,26100.6289,26298.9258,25974.4173,26189.1436,34885.0
2023-08-19,26053.5041,26278.4061,25802.6187,26099.8208,44281.0
2023-08-18,26623.4583,26830.5746,25620.5529,26053.7155,111046.0
2023-08-17,28731.2362,28783.7373,25044.5676,26624.3412,157147.0
2023-08-16,29200.2014,29260.1498,28724.1909,28730.8486,55030.0
2023-08-15,29431.1863,29497.9762,29065.705,29200.2939,46151.0
2023-08-14,29303.42,29694.2075,29103.4933,29431.4139,52701.0
2023-08-13,29430.6446,29473.192,29273.3485,29303.8723,21709.0
2023-08-12,29426.3524,29480.6495,29379.533,29430.6996,18408.0
2023-08-11,29455.6938,29562.6291,29253.1723,29426.9795,36225.0
2023-08-10,29581.4974,29736.4409,29329.052,29455.9956,44652.0
2023-08-09,29770.9381,30150.2477,29378.5773,29581.421,63550.0
2023-08-08,29211.8034,30236.4259,29146.6836,29771.1663,75600.0
2023-08-07,29089.0171,29275.2679,28701.6071,29211.5545,56124.0
2023-08-06,29073.5257,29199.8168,28993.329,29089.3166,26669.0
2023-08-05,29112.8249,29146.457,28980.2033,29073.4936,23235.0
2023-08-04,29195.7926,29328.9081,28823.4399,29113.4934,45252.0
2023-08-03,29182.7386,29420.4849,28971.6674,29195.6288,49468.0
2023-08-02,29706.555,30044.2528,28931.136,29184.6294,75928.0
2023-08-01,29232.6826,29737.2726,28582.6768,29706.2552,72378.0
2023-07-31,29280.8967,29528.8281,29095.6472,29232.6772,38427.0
2023-07-30,29353.3342,29449.1129,29032.541,29280.7183,26457.0
2023-07-29,29314.6182,29406.1179,29256.1893,29353.2444,17401.0
2023-07-28,29222.6104,29541.876,29125.0149,29314.6429,37756.0
2023-07-27,29351.498,29567.6011,29084.4429,29222.668,35647.0
2023-07-26,29229.1317,29686.539,29097.5793,29351.4908,53115.0
2023-07-25,29176.9768,29375.5023,29048.5993,29229.0754,33375.0
2023-07-24,30083.6959,30098.7631,28863.0964,29177.0684,61692.0
2023-07-23,29792.4908,30349.4367,29730.4368,30083.6263,30000.0
2023-07-22,29901.4406,29998.6447,29625.7313,29792.4048,22349.0
2023-07-21,29801.903,30061.6201,29726.6588,29901.3554,37762.0
2023-07-20,29909.0895,30417.4485,29571.2301,29801.3846,58959.0
2023-07-19,29859.2281,30189.2799,29761.9553,29908.8425,42332.0
2023-07-18,30138.4054,30239.7575,29514.1745,29859.5322,47921.0
2023-07-17,30232.0324,30336.1685,29659.1135,30138.1539,48013.0
2023-07-16,30289.2738,30440.2907,30064.548,30231.9845,25661.0
2023-07-15,30311.9214,30391.2043,30211.9087,30289.327,20752.0
2023-07-14,31454.0285,31628.3455,29901.2727,30311.9134,88457.0
2023-07-13,30380.7114,31815.2041,30251.642,31454.0108,103214.0
2023-07-12,30622.0987,30980.8372,30211.1328,30380.8,57991.0
2023-07-11,30412.0581,30813.2345,30301.7521,30622.1369,45560.0
2023-07-10,30161.5985,31044.0727,29950.8196,30411.972,65094.0
2023-07-09,30285.0769,30445.4363,30063.4864,30161.4792,25368.0
2023-07-08,30344.2109,30387.1036,30046.2453,30285.0728,21502.0
2023-07-07,29895.1372,30449.7006,29700.367,30344.2044,53999.0
2023-07-06,30504.2196,31506.2185,29852.35,29895.41,102824.0
2023-07-05,30766.5646,30877.8644,30199.5785,30504.5911,49262.0
2023-07-04,31156.7657,31342.1412,30620.5512,30766.4412,49096.0
2023-07-03,30617.1816,31379.9999,30570.005,31156.5284,62884.0
2023-07-02,30586.0604,30790.3059,30161.2688,30617.0443,35877.0
2023-07-01,30472.6268,30661.6517,30322.0622,30585.9866,26087.0
2023-06-30,30448.1467,31282.4017,29503.8366,30472.9985,133285.0
2023-06-29,30077.0637,30842.0858,30050.0273,30447.9575,55239.0
2023-06-28,30692.2361,30709.0944,29858.3393,30077.6388,62042.0
2023-06-27,30268.5193,30996.7273,30226.5944,30692.236,65783.0
2023-06-26,30463.6757,30666.0397,29929.4009,30268.4219,69035.0
2023-06-25,30528.4234,31044.7554,30278.1103,30463.4206,50523.0
2023-06-24,30688.506,30799.4521,30251.1271,30528.3112,48703.0
2023-06-23,29886.1215,31429.4226,29802.0323,30688.5907,116147.0
2023-06-22,29994.2399,30500.6501,29523.5335,29886.1641,92268.0
2023-06-21,28307.4496,30799.5884,28256.4384,29994.6,167916.0
2023-06-20,26845.4978,28402.3682,26653.0498,28307.0599,105551.0
2023-06-19,26340.9773,27069.1632,26257.6663,26845.1014,57992.0
2023-06-18,26517.6097,26699.6926,26256.74,26340.6835,34534.0
2023-06-17,26345.7213,26836.1614,26181.8199,26517.4517,45316.0
2023-06-16,25598.2206,26515.2423,25176.9265,26345.6705,78198.0
2023-06-15,25128.899,25758.5895,24799.3659,25598.1569,73618.0
2023-06-14,25934.3251,26098.9223,24820.1182,25129.1704,69686.0
2023-06-13,25905.5085,26431.7694,25716.8836,25934.6562,66731.0
2023-06-12,25925.4816,26104.5155,25608.444,25905.4815,52398.0
2023-06-11,25840.8179,26204.926,25635.0403,25925.529,48101.0
2023-06-10,26478.2961,26533.2194,25361.3432,25840.7513,100257.0
2023-06-09,26499.3386,26782.3344,26273.9633,26478.3018,47197.0
2023-06-08,26340.4168,26811.139,26211.0307,26499.3621,53147.0
2023-06-07,27230.254,27390.9266,26126.2113,26340.2358,93282.0
2023-06-06,25727.862,27355.3777,25348.8776,27229.5486,107543.0
2023-06-05,27116.0763,27129.2967,25391.8537,25728.04,104042.0
2023-06-04,27069.2247,27455.102,26951.869,27117.0242,34572.0
2023-06-03,27242.5914,27331.056,26918.0507,27069.5009,29507.0
2023-06-02,26817.4752,27298.9533,26506.1875,27242.5465,62990.0
2023-06-01,27210.8621,27348.9334,26608.9498,26817.309,64913.0
2023-05-31,27694.2784,27834.792,26839.4612,27210.8481,74046.0
2023-05-30,27736.3819,28038.4538,27554.73,27694.4056,56000.0
2023-05-29,28065.7976,28444.5453,27525.2422,27736.5579,67633.0
2023-05-28,26854.6684,28261.2144,26765.1715,28065.2267,66769.0
2023-05-27,26705.9725,26894.2311,26559.2158,26854.6097,26925.0
2023-05-26,26473.959,26931.9007,26327.6819,26706.4317,56386.0
2023-05-25,26329.0428,26628.8835,25872.7485,26473.9504,63302.0
2023-05-24,27219.7919,27219.8915,26081.977,26329.3178,83787.0
2023-05-23,26849.2245,27494.9024,26797.0024,27219.8511,65175.0
2023-05-22,26747.5992,27098.5395,26538.3882,26849.0069,47448.0
2023-05-21,27103.1019,27277.6331,26666.4863,26747.605,34424.0
2023-05-20,26880.8837,27149.7841,26826.2275,27103.0605,23117.0
2023-05-19,26821.6173,27183.7103,26632.7046,26880.9799,48006.0
2023-05-18,27405.6054,27484.6235,26362.4957,26821.575,71993.0
2023-05-17,27033.8393,27500.9772,26545.5024,27405.2117,63593.0
2023-05-16,27162.7258,27297.1929,26852.259,27033.7866,49804.0
2023-05-15,26917.3983,27662.876,26727.8354,27162.4522,60847.0
2023-05-14,26774.6707,27199.7547,26565.9377,26917.1868,36050.0
2023-05-13,26794.7931,27044.0028,26691.8655,26774.7046,35109.0
2023-05-12,26969.1518,27089.7135,25811.2302,26794.6526,98462.0
2023-05-11,27598.0018,27628.6192,26702.713,26969.2163,72734.0
2023-05-10,27628.8585,28327.0051,26776.2809,27598.2292,104275.0
2023-05-09,27669.0242,27817.274,27352.5083,27628.7525,60073.0
2023-05-08,28430.8204,28636.9303,27264.4566,27669.1289,101184.0
2023-05-07,28847.8836,29137.4524,28396.1109,28431.3081,46912.0
2023-05-06,29505.7523,29821.3438,28315.7726,28847.8702,74015.0
2023-05-05,28837.9991,29675.7881,28802.0678,29505.8679,87639.0
2023-05-04,29027.1452,29378.6805,28665.9355,28837.7357,78195.0
2023-05-03,28669.6417,29265.9023,28115.5426,29026.423,107235.0
2023-05-02,28066.4269,28880.2903,27873.5924,28669.7006,85460.0
2023-05-01,29233.2501,29336.6443,27666.7569,28068.3436,107552.0
2023-04-30,29230.2892,29966.4063,29082.3194,29229.5285,69228.0
2023-04-29,29311.8852,29446.0256,29031.9659,29230.1597,39743.0
2023-04-28,29473.4798,29597.593,28892.3145,29311.756,89029.0
2023-04-27,28417.3155,29889.552,28379.9253,29473.3832,146891.0
2023-04-26,28300.7777,30032.166,27232.8084,28415.5934,192251.0
2023-04-25,27510.7743,28395.9773,27192.9572,28300.2871,87081.0
2023-04-24,27588.7863,27999.149,26946.4853,27510.7072,91161.0
2023-04-23,27816.786,27817.0,27315.2791,27590.3018,56770.0
2023-04-22,27262.7139,27882.243,27141.8194,27815.9238,57597.0
2023-04-21,28146.3007,28296.3928,27127.7335,27263.0024,75058.0
2023-04-20,28798.7416,29085.7913,28007.0412,28242.0675,35215.0
2023-04-19,30381.8651,30412.5425,28569.5046,28805.7768,46996.0
2023-04-18,29430.2808,30490.4491,29101.4309,30380.8323,33661.0
2023-04-17,30304.1533,30316.8879,29242.7561,29429.7613,23670.0
2023-04-16,30296.0785,30546.3554,30121.2069,30306.1613,14103.0
2023-04-15,30466.7151,30594.1284,30204.2354,30296.0587,15319.0
2023-04-14,30376.1622,31009.4752,29979.3487,30464.6169,29915.0
2023-04-13,29888.5374,30581.2986,29855.2749,30375.5348,30345.0
2023-04-12,30200.2679,30489.4056,29649.9535,29888.2132,37826.0
2023-04-11,29637.5528,30553.1307,29588.8479,30200.6238,42498.0
2023-04-10,28322.1568,29768.3939,28167.6772,29638.0288,36397.0
2023-04-09,27939.4165,28530.6012,27795.8683,28322.3664,20569.0
2023-04-08,27906.2345,28153.3054,27860.5524,27939.0067,14780.0
2023-04-07,28034.2109,28102.3757,27772.9055,27905.966,19418.0
2023-04-06,28169.571,28182.1356,27679.1716,28034.0383,26547.0
2023-04-05,28167.1445,28771.4117,27787.9126,28172.6255,38019.0
2023-04-04,27801.0669,28442.6579,27667.1672,28166.6167,32169.0
2023-04-03,28173.3265,28507.5873,27224.2998,27804.2385,37729.0
2023-04-02,28454.3152,28529.7347,27857.3975,28172.5948,22081.0
2023-04-01,28466.0019,28819.252,28226.9601,28453.8832,33832.0
2023-03-31,28029.0885,28656.1678,27517.958,28466.453,48731.0
2023-03-30,28348.6337,29181.5497,27690.6434,28029.5638,65872.0
2023-03-29,27262.7877,28642.0808,27242.3147,28349.0684,58153.0
2023-03-28,27126.1185,27502.6892,26642.3939,27261.7352,47404.0
2023-03-27,27970.6956,28025.1565,26512.0329,27126.3111,35204.0
2023-03-26,27462.1989,28188.913,27418.7886,27969.4386,45937.0
2023-03-25,27458.3195,27785.7109,27157.1928,27467.0953,36643.0
2023-03-24,28295.2971,28377.1907,27003.8902,27445.6041,284330.0
2023-03-23,27250.3778,28746.3248,27117.3892,28294.8954,80969.0
2023-03-22,28105.5605,28861.6531,26615.816,27251.3858,161199.0
2023-03-21,27718.7048,28437.5295,27309.7107,28107.1528,64322.0
2023-03-20,27970.2448,28467.2624,27137.432,27721.2777,58122.0
2023-03-19,26907.7411,28382.6299,26829.4938,27966.6299,60864.0
2023-03-18,27393.741,27713.6345,26571.3054,26908.1781,49220.0
2023-03-17,25000.7073,27749.4058,24892.629,27388.0324,92013.0
2023-03-16,24282.9755,25156.6338,24125.5518,25001.3722,56834.0
2023-03-15,24674.7233,25165.592,23885.4503,24282.8715,79707.0
2023-03-14,24111.6208,26370.0342,23975.7064,24676.7813,106875.0
2023-03-13,21996.7989,24495.4531,21819.4572,24106.3392,95277.0
2023-03-12,20458.2591,22109.5743,20274.8522,21996.6775,64738.0
2023-03-11,20152.1242,20679.7203,19770.6798,20459.8632,73441.0
2023-03-10,20364.9695,20365.4182,19559.2601,20151.6242,85174.0
2023-03-09,21703.5087,21831.7157,20046.2207,20362.3844,54752.0
2023-03-08,22198.4299,22282.8469,21585.893,21704.2411,34275.0
2023-03-07,22409.2982,22555.4615,21935.6479,22198.6479,43160.0
2023-03-06,22429.4715,22597.7008,22274.3272,22409.3316,20111.0
2023-03-05,22345.3734,22653.873,22197.7478,22429.1307,12740.0
2023-03-04,22354.4975,22405.4856,22162.6095,22345.9839,8678.0
2023-03-03,23464.2727,23474.865,21981.7747,22354.2866,39766.0
2023-03-02,23629.5294,23791.9782,23200.8916,23464.6932,24589.0
2023-03-01,23141.6255,23992.4199,23023.2084,23633.4233,35350.0
2023-02-28,23480.3223,23596.9986,23030.0242,23140.5418,29138.0
2023-02-27,23555.8475,23894.378,23113.4277,23491.5335,32466.0
2023-02-26,23159.3868,23684.6674,23063.1197,23556.6848,14614.0
2023-02-25,23186.3514,23217.7975,22748.7371,23161.8413,13749.0
2023-02-24,23947.0033,24129.2552,22849.4818,23186.5533,32455.0
2023-02-23,24184.4551,24595.6398,23613.1278,23939.0943,36306.0
2023-02-22,24449.2954,24472.8236,23581.2289,24183.6563,43514.0
2023-02-21,24842.4129,25250.241,24153.686,24451.1507,44912.0
2023-02-20,24273.3157,25113.2382,23841.0514,24841.4974,47938.0
2023-02-19,24633.0326,25182.7087,24201.0855,24277.3054,65134.0
2023-02-18,24570.8549,24872.7835,24436.0019,24632.7122,28518.0
2023-02-17,23516.9599,25017.9745,23348.2534,24574.3383,90628.0
2023-02-16,24327.7633,25248.0755,23508.1824,23513.4064,91586.0
2023-02-15,22197.7201,24373.5473,22049.8359,24327.9666,89490.0
2023-02-14,21774.9313,22310.686,21540.8431,22201.9731,46850.0
2023-02-13,21780.514,21892.3626,21355.4619,21774.4538,42550.0
2023-02-12,21862.5257,22086.6864,21632.8994,21783.8476,47361.0
2023-02-11,21626.926,21900.7191,21602.6972,21861.06,50955.0
2023-02-10,21797.1725,21936.1891,21470.6233,21632.6576,58384.0
2023-02-09,22962.2958,23009.3384,21697.7988,21797.4539,51446.0
2023-02-08,23242.5659,23448.6577,22675.2471,22960.6149,126192.0
2023-02-07,22759.5704,23349.8772,22746.9188,23243.9085,82955.0
2023-02-06,22932.146,23152.9605,22640.0721,22762.1235,67560.0
2023-02-05,23326.1392,23426.7636,22757.59,22929.2616,48589.0
2023-02-04,23431.6853,23584.432,23253.7118,23326.9717,35527.0
2023-02-03,23489.9633,23710.7437,23209.7243,23432.2006,43419.0
2023-02-02,23731.3505,24362.8461,23386.3779,23487.8424,96371.0
2023-02-01,23129.8704,23804.6659,22772.693,23729.8837,47185.0
2023-01-31,22827.2543,23306.1871,22723.093,23129.8617,60525.0
2023-01-30,23744.1137,23796.1845,22500.9512,22827.2868,41930.0
2023-01-29,23023.6827,23940.521,22974.9403,23746.0745,56974.0
2023-01-28,23067.4822,23183.1047,22881.21,23023.236,29115.0
2023-01-27,23008.7116,23496.2443,22552.3714,23070.4906,42526.0
2023-01-26,23061.7249,23278.1395,22858.848,23007.1724,61900.0
2023-01-25,22631.1676,23810.6222,22331.8998,23057.0578,70627.0
2023-01-24,22914.6834,23159.8795,22465.8846,22632.5601,62695.0
2023-01-23,22708.821,23169.8792,22495.0981,22913.895,50883.0
2023-01-22,22782.22,23073.4527,22311.5409,22708.9654,74402.0
2023-01-21,22670.6639,23348.3067,22435.0215,22780.971,70041.0
2023-01-20,21074.6365,22746.4228,20868.1054,22673.9038,56315.0
2023-01-19,20677.1324,21184.5135,20662.6018,21073.5854,45324.0
2023-01-18,21132.5507,21638.1386,20412.7782,20678.5525,101215.0
2023-01-17,21184.3278,21591.5712,20852.5545,21133.7863,65847.0
2023-01-16,20873.1247,21443.6584,20630.7242,21185.0496,69874.0
2023-01-15,20952.2881,21044.1528,20565.4136,20873.5355,36977.0
2023-01-14,19929.4385,21266.5541,19893.6585,20954.0975,88001.0
2023-01-13,18847.4843,19998.2656,18716.6091,19928.3546,55625.0
2023-01-12,17942.5269,19101.3429,17897.1322,18848.6072,96920.0
2023-01-11,17440.1094,17995.9115,17319.1408,17941.8992,49220.0
2023-01-10,17179.8122,17490.7303,17149.4781,17439.6924,26482.0
2023-01-09,17126.3904,17394.1327,17106.0467,17180.3206,27142.0
2023-01-08,16943.6178,17169.0557,16912.3501,17127.5817,25765.0
2023-01-07,16950.771,16979.3792,16906.4349,16943.7668,7122.0
2023-01-06,16831.3657,17035.6565,16686.116,16950.6616,27435.0
2023-01-05,16851.957,16877.5001,16760.4998,16831.2634,13258.0
2023-01-04,16675.0336,16985.9148,16655.0769,16851.2607,34524.0
2023-01-03,16673.3898,16775.2673,16606.868,16674.4047,17780.0
2023-01-02,16617.7158,16792.808,16550.1921,16674.093,18939.0
2023-01-01,16540.6784,16625.8979,16500.7855,16616.9873,10766.0
2022-12-31,16607.1533,16642.7141,16475.0047,16540.2019,12817.0
2022-12-30,16634.7783,16678.8286,16341.9141,16607.118,25514.0
2022-12-29,16547.9131,16659.5703,16491.6689,16636.7835,24565.0
2022-12-28,16707.5428,16781.8723,16467.3436,16547.1141,29188.0
2022-12-27,16919.0114,16966.3065,16601.4241,16706.3235,33100.0
2022-12-26,16832.6536,16942.9485,16791.9008,16917.0472,19331.0
2022-12-25,16836.0562,16853.6239,16726.8401,16832.0236,14488.0
2022-12-24,16780.3261,16859.7327,16779.1315,16835.3132,10123.0
2022-12-23,16822.083,16933.646,16748.5871,16780.9665,20344.0
2022-12-22,16824.2953,16864.5777,16564.7659,16821.4998,27692.0
2022-12-21,16896.7067,16920.2606,16731.268,16827.4191,24295.0
2022-12-20,16440.3026,17047.7878,16399.3861,16896.1681,50410.0
2022-12-19,16739.0791,16814.1332,16270.3026,16440.9804,43512.0
2022-12-18,16776.9671,16842.3194,16668.7379,16738.9452,23561.0
2022-12-17,16630.8876,16793.4431,16582.2444,16777.1568,22492.0
2022-12-16,17358.0105,17526.2503,16534.0382,16631.5223,57785.0
2022-12-15,17802.4585,17849.5363,17279.6841,17358.1731,29147.0
2022-12-14,17776.6826,18381.7011,17664.0679,17802.8353,54756.0
2022-12-13,17210.4707,17966.4349,17085.3339,17777.6414,58539.0
2022-12-12,17085.5773,17238.0161,16874.4797,17208.6964,29214.0
2022-12-11,17127.3464,17267.2458,17076.2446,17090.5367,21561.0
2022-12-10,17127.8796,17222.2534,17100.4075,17126.6765,15803.0
2022-12-09,17224.7461,17341.9539,17069.2119,17128.9942,29379.0
2022-12-08,16836.5268,17295.8526,16742.7902,17224.7874,40873.0
2022-12-07,17088.5786,17135.7288,16696.3626,16835.8001,41576.0
2022-12-06,16967.6532,17104.4494,16908.2261,17086.7136,44872.0
2022-12-05,17109.7942,17414.0611,16872.1397,16964.7926,72234.0
2022-12-04,16885.4147,17193.4596,16879.6595,17110.4792,62600.0
2022-12-03,17092.9611,17151.5961,16861.8625,16884.0782,30079.0
2022-12-02,16977.432,17101.177,16796.4384,17092.7638,48548.0
2022-12-01,17163.9418,17305.5171,16868.3718,16977.9959,55248.0
2022-11-30,16441.6607,17239.8017,16430.4388,17165.3404,44932.0
2022-11-29,16214.2516,16543.1134,16102.5102,16441.5494,31481.0
2022-11-28,16429.2887,16486.3886,16002.8775,16214.7402,48872.0
2022-11-27,16459.232,16599.8072,16405.4246,16429.4029,20524.0
2022-11-26,16519.0298,16698.3343,16388.927,16457.3284,27604.0
2022-11-25,16600.3249,16621.3231,16344.8958,16524.7384,32237.0
2022-11-24,16604.4796,16803.0519,16463.5798,16600.0899,32803.0
2022-11-23,16226.2249,16698.2867,16163.5936,16607.7397,60049.0
2022-11-22,15780.2122,16296.3943,15621.7653,16223.0965,59359.0
2022-11-21,16285.1108,16307.1273,15490.1691,15780.4973,68399.0
2022-11-20,16703.1693,16750.2479,16186.9574,16284.7858,29190.0
2022-11-19,16699.318,16819.0133,16559.3567,16704.2187,21443.0
2022-11-18,16692.8349,16992.6342,16549.9369,16699.4535,33869.0
2022-11-17,16662.326,16747.2736,16417.6588,16691.9162,29518.0
2022-11-16,16897.4111,17016.0866,16380.9748,16660.0609,113334.0
2022-11-15,16614.2936,17119.1518,16533.8688,16896.4422,67916.0
2022-11-14,16334.1469,17180.9728,15823.6214,16616.9146,133907.0
2022-11-13,16811.1514,16953.9465,16257.6492,16333.7066,82925.0
2022-11-12,17064.1374,17113.1355,16640.8216,16809.6511,29116.0
2022-11-11,17598.8666,17691.4241,16368.8121,17061.0598,69875.0
2022-11-10,15932.8569,18167.063,15765.3647,17598.4508,106085.0
2022-11-09,18546.5862,18588.2855,15578.1096,15916.1454,249652.0
2022-11-08,20587.8688,20676.1846,17216.832,18545.4912,222103.0
2022-11-07,20907.1023,21067.8811,20386.7507,20588.8584,51246.0
2022-11-06,21298.352,21363.251,20888.4706,20907.9174,29669.0
2022-11-05,21145.7975,21475.9549,21082.5364,21298.128,34323.0
2022-11-04,20208.2242,21276.0851,20182.4509,21144.0524,112630.0
2022-11-03,20151.3306,20392.7349,20034.6888,20208.6887,34251.0
2022-11-02,20483.5701,20796.6219,20062.4907,20151.4318,78512.0
2022-11-01,20492.3086,20693.5471,20333.1722,20482.6284,43761.0
2022-10-31,20626.8675,20839.1286,20238.8942,20492.1157,47915.0
2022-10-30,20809.3495,20929.8458,20515.9239,20626.6641,29784.0
2022-10-29,20590.8109,21083.0127,20556.4225,20809.4622,45971.0
2022-10-28,20293.5946,20748.0976,20006.0364,20591.6162,59915.0
2022-10-27,20756.5846,20871.9984,20198.1011,20291.8726,71907.0
2022-10-26,20080.4073,21012.4428,20052.2677,20769.7118,92419.0
2022-10-25,19331.6937,20419.1303,19239.9635,20080.5617,97148.0
2022-10-24,19568.7584,19599.5298,19161.6457,19330.954,53912.0
2022-10-23,19201.3831,19688.4547,19073.9082,19568.6544,40866.0
2022-10-22,19159.9614,19252.2704,19115.1644,19200.9626,22929.0
2022-10-21,19042.1194,19247.868,18668.5107,19162.2933,90210.0
2022-10-20,19123.608,19346.8691,18904.2096,19043.0446,47367.0
2022-10-19,19327.306,19358.3441,19074.7204,19123.9056,39999.0
2022-10-18,19547.1884,19703.9174,19093.764,19327.3445,75551.0
2022-10-17,19262.7441,19674.39,19156.8946,19547.5354,75331.0
2022-10-16,19068.2126,19421.4263,19064.7268,19264.476,39636.0
2022-10-15,19177.1993,19224.7159,18983.2369,19069.1389,29060.0
2022-10-14,19374.261,19948.7613,19078.2498,19177.8661,90201.0
2022-10-13,19153.8024,19504.8719,18174.9614,19375.4426,148570.0
2022-10-12,19060.0001,19238.3866,18952.7552,19155.5793,75920.0
2022-10-11,19131.077,19264.6216,18863.0674,19057.9851,52017.0
2022-10-10,19441.1276,19522.3937,19032.6488,19131.4879,98674.0
2022-10-09,19415.2196,19551.9806,19321.9198,19441.0684,23153.0
2022-10-08,19530.3533,19622.7352,19259.3827,19414.2609,38584.0
2022-10-07,19959.5239,20058.9538,19329.6845,19527.8084,74600.0
2022-10-06,20157.0758,20447.3366,19859.6011,19961.6501,81032.0
2022-10-05,20337.3576,20362.1769,19741.327,20157.9053,75995.0
2022-10-04,19627.907,20453.6755,19493.5215,20335.089,79383.0
2022-10-03,19057.7009,19712.1253,18975.0362,19627.5275,68177.0
2022-10-02,19308.9581,19393.7376,18922.442,19056.9669,35469.0
2022-10-01,19422.1164,19479.6211,19163.1974,19309.0316,38392.0
2022-09-30,19590.5364,20177.3897,19171.7051,19421.1437,102499.0
2022-09-29,19417.3021,19641.2747,18847.5448,19589.1089,113529.0
2022-09-28,19079.8192,19778.486,18472.6681,19408.0728,225392.0
2022-09-27,19227.3997,20380.1623,18796.122,19079.0866,248075.0
2022-09-26,18809.456,19316.2339,18683.1102,19227.3875,120399.0
2022-09-25,18920.9816,19177.4319,18637.2417,18809.0731,39977.0
2022-09-24,19288.8949,19311.1161,18808.4548,18920.4219,49374.0
2022-09-23,19401.5134,19513.4042,18535.4502,19289.088,71306.0
2022-09-22,18456.5091,19524.0802,18358.2326,19400.1362,85018.0
2022-09-21,18875.1243,19918.3281,18159.5974,18460.6064,102024.0
2022-09-20,19534.7339,19642.721,18733.5671,18875.0418,57395.0
2022-09-19,19417.5366,19680.5335,18257.4288,19535.8326,62443.0
2022-09-18,20112.9468,20115.5624,19336.4617,19416.1813,33614.0
2022-09-17,19802.5962,20183.5847,19749.8483,20112.5505,22730.0
2022-09-16,19702.1233,19899.4848,19338.4374,19804.602,34691.0
2022-09-15,20223.8177,20358.8659,19505.1866,19700.4269,50632.0
2022-09-14,20173.6187,20529.3681,19623.211,20224.1677,42583.0
2022-09-13,22394.2479,22787.9801,19877.0216,20172.4114,84388.0
2022-09-12,21825.8097,22478.8293,21506.2642,22396.712,98260.0
2022-09-11,21649.2637,21859.0962,21350.6984,21827.2896,32425.0
2022-09-10,21360.7063,21804.309,21122.3544,21647.8036,34749.0
2022-09-09,19319.0756,21604.0781,19292.9723,21361.9614,64072.0
2022-09-08,19292.5737,19453.1045,19020.9707,19318.3598,41761.0
2022-09-07,18793.9207,19465.4035,18537.0154,19291.0301,42973.0
2022-09-06,19798.2191,20177.3535,18647.1205,18791.0174,55193.0
2022-09-05,20001.5218,20054.2216,19639.3266,19792.52,26268.0
2022-09-04,19832.2111,20027.8897,19593.9047,20002.7661,14401.0
2022-09-03,19951.3973,20051.7012,19655.3691,19832.3456,14891.0
2022-09-02,20131.4866,20437.616,19759.7435,19952.2732,26722.0
2022-09-01,20049.898,20204.2005,19573.1729,20131.2267,26841.0
2022-08-31,19811.7207,20486.0164,19801.4024,20051.7323,32163.0
2022-08-30,20287.6314,20575.1002,19549.4418,19808.0977,35845.0
2022-08-29,19555.9751,20425.4102,19552.1381,20290.833,31554.0
2022-08-28,20036.081,20159.8194,19523.2764,19557.9145,21065.0
2022-08-27,20239.9139,20403.279,19813.1304,20036.9393,26217.0
2022-08-26,21558.6372,21863.0992,20115.9855,20242.9813,51204.0
2022-08-25,21367.9897,21813.3483,21311.4673,21560.2793,21846.0
2022-08-24,21527.182,21911.5278,21153.5315,21367.3853,27252.0
2022-08-23,21401.2333,21675.0617,20899.4512,21524.6073,30993.0
2022-08-22,21516.528,21534.9324,20900.0772,21399.6599,33937.0
2022-08-21,21140.043,21775.5669,21072.1209,21516.9271,28916.0
2022-08-20,20834.7483,21364.1566,20766.8374,21139.9451,33527.0
2022-08-19,23191.1717,23202.9408,20790.5241,20833.6971,59750.0
2022-08-18,23338.582,23590.3619,23113.4189,23193.1755,20252.0
2022-08-17,23857.2588,24441.6795,23184.6041,23336.1215,27812.0
2022-08-16,24094.1144,24272.4511,23688.2595,23854.4641,15010.0
2022-08-15,24307.0451,25185.9402,23780.2848,24098.3634,13250.0
2022-08-14,24441.1306,25005.7116,24165.822,24309.8127,7906.0
2022-08-13,24398.4292,24879.8176,24302.4661,24430.6426,9016.0
2022-08-12,23935.532,24441.0595,23598.9049,24401.281,12234.0
2022-08-11,23953.6181,24879.0348,23862.4185,23963.8308,19430.0
2022-08-10,23147.7486,24200.2066,22662.7101,23952.1893,19529.0
2022-08-09,23810.9546,23913.4221,22882.4352,23149.2576,14119.0
2022-08-08,23175.1305,24236.9766,23160.4011,23812.2015,17078.0
2022-08-07,22952.4837,23388.2976,22855.1675,23174.2906,10577.0
2022-08-06,23308.8278,23344.6944,22915.4452,22951.7342,8350.0
2022-08-05,22621.7863,23466.0379,22591.6389,23306.0641,14918.0
2022-08-04,22820.8777,23217.7916,22423.4801,22618.8736,13396.0
2022-08-03,22983.4831,23614.6685,22691.313,22823.4898,15021.0
2022-08-02,23266.6371,23457.6833,22657.6474,22983.2616,14019.0
2022-08-01,23292.9988,23510.7684,22850.9005,23267.6386,11378.0
2022-07-31,23639.5674,24153.8118,23235.6312,23302.5924,10631.0
2022-07-30,23775.1734,24634.259,23513.9766,23638.353,15004.0
2022-07-29,23844.9122,24402.8139,23439.4947,23777.0221,18378.0
2022-07-28,22957.3032,24175.7935,22637.6191,23847.5714,19880.0
2022-07-27,21250.5513,23043.1772,21045.5551,22951.3969,21730.0
2022-07-26,21306.619,21333.1041,20723.6073,21252.7674,18451.0
2022-07-25,22580.0131,22662.2368,21288.6907,21311.546,18062.0
2022-07-24,22452.2119,23000.7899,22266.846,22581.6346,12338.0
2022-07-23,22689.2372,22993.3403,21962.1048,22451.8558,13189.0
2022-07-22,23150.6054,23720.4411,22509.6983,22688.7177,16482.0
2022-07-21,23234.9059,23416.9667,22361.2185,23151.2396,19152.0
2022-07-20,23397.3402,24263.5137,22939.9918,23238.3772,24481.0
2022-07-19,22418.1435,23771.5594,21600.4365,23398.8038,27529.0
2022-07-18,20800.5914,22714.2701,20770.3949,22476.6911,22243.0
2022-07-17,21194.796,21664.0196,20756.3225,20801.568,14796.0
2022-07-16,20831.8971,21567.1413,20477.9387,21194.8113,14865.0
2022-07-15,20589.7473,21205.0505,20384.2866,20835.8197,20399.0
2022-07-14,20238.6152,20878.0544,19629.4021,20592.7681,25083.0
2022-07-13,19334.3245,20313.04,18960.1031,20238.9304,28262.0
2022-07-12,19963.2036,20081.3182,19273.4304,19335.1603,21259.0
2022-07-11,20854.6416,20864.8947,19895.8433,19964.2286,17139.0
2022-07-10,21591.5251,21604.9418,20678.0375,20859.2498,17179.0
2022-07-09,21587.3534,21939.5296,21348.9702,21591.1414,15801.0
2022-07-08,21622.1845,22456.316,21208.8334,21687.6871,23756.0
2022-07-07,20563.532,21826.8299,20268.9817,21617.5492,16941.0
2022-07-06,20176.4388,20650.4058,19767.8622,20564.0381,21950.0
2022-07-05,20234.1503,20728.9932,19314.5363,20178.1914,25516.0
2022-07-04,19316.4069,20333.8782,19059.7202,20235.1507,20053.0
2022-07-03,19253.0009,19636.5465,18866.8985,19316.4682,16243.0
2022-07-02,19280.5251,19428.4301,19013.8216,19252.7097,13444.0
2022-07-01,19903.4076,20778.0609,19005.8627,19283.6219,24600.0
2022-06-30,20118.6963,20162.413,18653.4093,19907.2579,20831.0
2022-06-29,20284.1035,20424.3961,19878.1816,20121.6365,15297.0
2022-06-28,20749.7129,21206.121,20212.3065,20284.1173,17906.0
2022-06-27,21033.9596,21517.6931,20581.0525,20736.2969,15964.0
2022-06-26,21491.2918,21877.434,20985.8635,21050.9378,16628.0
2022-06-25,21238.0134,21601.1772,20918.9631,21504.9673,21086.0
2022-06-24,21109.4966,21512.7057,20739.3355,21236.2821,27977.0
2022-06-23,19990.6662,21211.0364,19908.8857,21109.1244,29657.0
2022-06-22,20718.884,20884.7281,19782.2992,19985.0745,27308.0
2022-06-21,20572.3414,21707.9887,20354.5364,20719.3529,28704.0
2022-06-20,20571.7906,21018.9976,19640.7265,20575.0733,36790.0
2022-06-19,18973.3541,20809.2643,17974.2355,20577.1908,44799.0
2022-06-18,20463.1606,20755.0339,17662.968,18981.0482,41469.0
2022-06-17,20396.771,21348.6232,20247.4956,20466.4216,29074.0
2022-06-16,22582.3277,22912.0094,20230.9083,20397.496,34300.0
2022-06-15,22131.3354,22707.5853,20115.54,22436.2865,53238.0
2022-06-14,22455.8274,23284.9993,20876.3994,22145.2127,47622.0
2022-06-13,26547.3811,26871.0982,21983.634,22473.2128,56849.0
2022-06-12,28420.6861,28522.3555,26623.2394,26634.1448,34789.0
2022-06-11,29086.77,29436.2426,28173.2763,28411.9642,20176.0
2022-06-10,30097.4631,30331.13,28869.7012,29090.9199,16565.0
2022-06-09,30200.4597,30678.5992,29972.2735,30105.0984,11578.0
2022-06-08,31138.7514,31298.6514,29870.9099,30209.508,17860.0
2022-06-07,31358.3937,31570.3641,29222.8685,31137.3331,41512.0
2022-06-06,29911.8823,31756.1976,29894.1383,31371.0839,41635.0
2022-06-05,29864.7563,30179.9574,29564.2132,29925.234,18766.0
2022-06-04,29702.7818,29993.5882,29485.3491,29866.4963,17501.0
2022-06-03,30455.384,30692.8449,29299.8521,29703.4806,26319.0
2022-06-02,29805.8329,30671.9976,29597.363,30459.0848,28485.0
2022-06-01,31764.2227,31946.5011,29369.0887,29799.629,33156.0
2022-05-31,31734.4407,32360.6116,31245.7536,31793.9486,16434.0
2022-05-30,29464.9011,32160.3201,29309.6695,31711.5859,38439.0
2022-05-29,29023.8683,29565.6608,28841.9302,29462.5535,21021.0
2022-05-28,28620.5731,29233.018,28527.4734,29033.6522,18096.0
2022-05-27,29126.4735,29382.0082,28282.675,28622.2947,39055.0
2022-05-26,29540.5431,29883.9111,28230.4865,29189.7834,36203.0
2022-05-25,29660.9344,30220.3381,29346.6554,29544.3243,39687.0
2022-05-24,29126.2005,29847.153,28699.0677,29657.0111,36426.0
2022-05-23,30266.9974,30643.4871,28946.5956,29104.1291,25992.0
2022-05-22,29443.9629,30487.4567,29256.9418,30290.709,21362.0
2022-05-21,29200.877,29653.9175,28971.6397,29445.6122,16291.0
2022-05-20,30307.8093,30767.5881,28733.1645,29208.5573,29209.0
2022-05-19,28721.6623,30526.5413,28689.8768,30314.5033,42666.0
2022-05-18,30444.4829,30703.0311,28660.39,28712.1425,43370.0
2022-05-17,29869.3884,30777.6902,29453.9283,30442.9873,36909.0
2022-05-16,31231.1489,31262.309,29116.7436,29865.1482,39169.0
2022-05-15,30081.4076,31461.5892,29478.4674,31326.5146,35052.0
2022-05-14,29286.0171,30311.1904,28651.4756,30074.3382,33228.0
2022-05-13,29112.2287,31894.7073,28828.2464,29282.9195,48965.0
2022-05-12,29104.0042,30180.297,26771.9819,29024.2424,56419.0
2022-05-11,30996.2658,32142.0958,27921.8122,29109.5749,115220.0
2022-05-10,30083.0894,32626.466,29751.9852,31003.5029,82173.0
2022-05-09,33972.7624,34173.0915,30044.2243,30109.2919,61278.0
2022-05-08,35464.2576,35502.9921,33723.7188,34003.8881,41797.0
2022-05-07,36006.7385,36131.3917,34842.5795,35465.9002,20981.0
2022-05-06,36492.0319,36634.0133,35290.4261,36005.8409,45058.0
2022-05-05,39681.4585,39835.9962,35606.7495,36514.6983,44648.0
2022-05-04,37860.7789,39982.9669,37755.4915,39684.9559,38391.0
2022-05-03,38518.3378,38656.416,37523.7901,37724.907,27345.0
2022-05-02,38464.2716,39152.0833,38061.1519,38515.4149,31644.0
2022-05-01,37622.4556,38657.1329,37404.0145,38459.8188,24577.0
2022-04-30,38589.8784,38780.2016,37592.0845,37625.5561,17785.0
2022-04-29,39737.2364,39913.5137,38172.9853,38588.7428,30581.0
2022-04-28,39222.3879,40366.7858,38862.2456,39736.906,35837.0
2022-04-27,38107.2916,39444.959,37887.4748,39224.1204,34147.0
2022-04-26,40433.3024,40769.0772,37715.6936,38112.3735,36947.0
2022-04-25,39445.6722,40593.1158,38209.095,40426.6822,41889.0
2022-04-24,39435.3158,39917.024,39027.1184,39450.7894,16803.0
2022-04-23,39705.5575,39974.2645,39287.7034,39429.3091,14015.0
2022-04-22,40469.0865,40787.9778,39190.6851,39705.7948,37130.0
2022-04-21,41350.7947,42951.5418,39873.7808,40474.4667,39242.0
2022-04-20,41487.6827,42193.6669,40888.6914,41351.0568,31589.0
2022-04-19,40798.051,41744.9221,40572.4912,41488.6334,22772.0
2022-04-18,39671.6564,41079.3053,38566.7426,40794.606,33242.0
2022-04-17,40377.3834,40588.1787,39549.4469,39674.5301,16671.0
2022-04-16,40546.7531,40697.917,40001.6036,40377.2783,15222.0
2022-04-15,39938.1966,40753.776,39771.3832,40544.4226,19679.0
2022-04-14,41143.5488,41488.9824,39591.0087,39940.2632,17087.0
2022-04-13,40070.2847,41519.7114,39588.0445,41135.5631,21271.0
2022-04-12,39523.4603,40676.0386,39272.7854,40065.1297,28116.0
2022-04-11,42131.8469,42405.8298,39226.5651,39517.3602,29663.0
2022-04-10,42748.0995,43406.3646,41893.3611,42127.4425,13371.0
2022-04-09,42255.525,42795.9757,42122.9049,42747.3925,12266.0
2022-04-08,43437.5919,43965.5265,42108.5019,42262.1061,23323.0
2022-04-07,43193.8526,43889.8159,42752.9309,43446.3324,20761.0
2022-04-06,45436.0092,45499.7538,43118.4194,43164.526,28326.0
2022-04-05,46578.8166,47175.375,45428.8321,45499.7074,22462.0
2022-04-04,46410.4803,46883.9974,45174.5201,46584.8047,36221.0
2022-04-03,45829.7334,47396.5531,45542.1316,46410.6685,31311.0
2022-04-02,46269.454,47071.9528,45697.9253,45807.5675,32187.0
2022-04-01,45502.4352,46668.0835,44272.1448,46276.7672,30356.0
2022-03-31,47058.2599,47597.0006,45274.3279,45514.9581,20325.0
2022-03-30,47425.461,47691.519,46554.7179,47056.6722,15114.0
2022-03-29,47127.4012,48097.5179,46996.8963,47432.9309,15366.0
2022-03-28,46827.8072,48184.6098,46657.2883,47117.2613,23413.0
2022-03-27,44514.5149,46940.8812,44427.1126,46830.5456,20103.0
2022-03-26,44317.3466,44798.078,44080.6158,44513.5386,13033.0
2022-03-25,43994.2911,45092.4387,43583.0045,44311.8055,27951.0
2022-03-24,42882.9102,44227.5728,42626.6752,43992.102,29826.0
2022-03-23,42358.8699,43007.2164,41760.5206,42885.6328,23358.0
2022-03-22,41001.5048,43300.2929,40875.5827,42358.3303,29626.0
2022-03-21,41262.3912,41536.9784,40498.9173,41004.5024,24081.0
2022-03-20,42200.429,42287.8969,40918.5362,41255.6665,17069.0
2022-03-19,41756.6323,42390.94,41512.2558,42203.5939,15528.0
2022-03-18,40917.1948,42289.6089,40153.6247,41757.1476,20398.0
2022-03-17,41118.0843,41462.4656,40504.4831,40900.3806,20191.0
2022-03-16,39281.292,41663.8509,38899.8327,41114.2408,39775.0
2022-03-15,39669.7965,39881.1668,38152.7926,39288.5521,25472.0
2022-03-14,37773.2403,39833.7316,37566.6651,39663.7598,26805.0
2022-03-13,38804.3212,39306.4646,37579.8225,37777.1336,18647.0
2022-03-12,38728.0278,39457.7315,38663.1136,38799.1325,17485.0
2022-03-11,39418.814,40234.2444,38227.9783,38727.5208,37459.0
2022-03-10,41939.7528,42033.4907,38615.4855,39418.6494,40171.0
2022-03-09,38730.9224,42581.679,38652.0618,41941.4038,40739.0
2022-03-08,37979.9829,39360.1349,37871.2793,38729.8861,34112.0
2022-03-07,38420.8819,39521.956,37162.8756,38000.2919,37980.0
2022-03-06,39390.6513,39684.7111,38095.684,38410.9667,25293.0
2022-03-05,39143.2886,39603.0102,38577.1867,39392.3118,18994.0
2022-03-04,42450.5975,42523.2071,38562.9123,39142.2598,35004.0
2022-03-03,43895.6299,44085.004,41832.8881,42454.8361,25657.0
2022-03-02,44420.3641,45241.7549,43315.0003,43896.7885,26874.0
2022-03-01,43194.3914,44945.1866,42846.9279,44418.4851,31546.0
2022-02-28,37680.9784,44105.775,37447.7137,43172.4885,36438.0
2022-02-27,39102.1667,39846.3929,37023.42,37695.3639,26083.0
2022-02-26,39212.7576,40215.5481,38574.5436,39111.4576,19430.0
2022-02-25,38322.7068,39685.2809,37983.4911,39210.2604,31388.0
2022-02-24,37236.5154,39389.6521,34326.8017,38320.0875,54858.0
2022-02-23,38230.0988,39261.3585,37049.7197,37246.5122,26366.0
2022-02-22,37008.269,38425.148,36352.3234,38229.9302,29151.0
2022-02-21,38376.4181,39484.3403,36805.3703,37013.9591,34440.0
2022-02-20,40079.4091,40118.0935,37995.8119,38376.459,19870.0
2022-02-19,39977.7957,40441.9958,39639.0223,40079.0756,11394.0
2022-02-18,40508.4806,40948.6496,39501.9901,39977.0966,20950.0
2022-02-17,43875.2685,44159.3662,40078.5218,40510.3798,27140.0
2022-02-16,44551.6622,44554.4874,43315.9778,43875.5901,17738.0
2022-02-15,42534.3921,44765.3638,42427.1751,44550.077,22286.0
2022-02-14,42054.1658,42840.0673,41557.0613,42532.0872,24642.0
2022-02-13,42218.0872,42755.2862,41869.8124,42054.1609,13757.0
2022-02-12,42368.4767,43017.744,41730.9334,42217.5363,17558.0
2022-02-11,43490.5752,43929.1546,41970.2396,42368.6852,27856.0
2022-02-10,44371.4906,45805.0978,43207.7792,43489.3781,31240.0
2022-02-09,44039.9228,44802.1174,43121.3874,44373.1739,23975.0
2022-02-08,43839.7966,45455.4253,42676.1417,44036.7708,33346.0
2022-02-07,42384.7667,44503.7138,41646.5921,43837.8432,30738.0
2022-02-06,41383.8267,42649.1731,41142.0328,42381.7916,14034.0
2022-02-05,41568.5794,41907.2935,40892.1546,41383.6617,17860.0
2022-02-04,37285.2322,41725.3749,37028.5355,41564.7641,30102.0
2022-02-03,36893.3755,37358.9376,36224.9866,37310.4861,22716.0
2022-02-02,38692.2406,38856.9817,36631.7453,36889.0391,21757.0
2022-02-01,38459.0403,39243.1511,38021.1157,38691.8036,23333.0
2022-01-31,37876.0515,38734.7611,36645.3567,38459.6733,23504.0
2022-01-30,38168.3169,38359.1733,37354.1158,37887.4363,15304.0
2022-01-29,37710.9842,38699.0768,37303.4428,38166.2751,19297.0
2022-01-28,37159.8655,37998.279,36163.3137,37710.7003,30626.0
2022-01-27,36808.602,37227.5451,35508.9005,37163.4418,34677.0
2022-01-26,36949.4847,38839.3683,36241.5788,36802.3428,36585.0
2022-01-25,36662.8714,37531.8646,35704.3701,36950.9808,33431.0
2022-01-24,36241.5935,37453.1524,32953.3833,36665.4267,59521.0
2022-01-23,35052.7387,36575.2673,34617.7433,36245.9995,35472.0
2022-01-22,36442.4906,36796.9916,34034.4435,35049.7523,57207.0
2022-01-21,40669.8682,41094.3025,35540.9289,36448.2418,58120.0
2022-01-20,41659.9864,43494.6393,40563.5897,40682.2355,24738.0
2022-01-19,42349.3216,42554.8053,41126.3768,41659.5072,25023.0
2022-01-18,42200.0125,42677.0563,41281.116,42351.05,22208.0
2022-01-17,43070.4012,43203.7512,41532.063,42200.2173,18150.0
2022-01-16,43078.2226,43470.5655,42607.0372,43070.8759,12704.0
2022-01-15,43061.7845,43797.8195,42566.0464,43077.1931,12853.0
2022-01-14,42560.82,43440.6879,41734.4605,43061.8563,20317.0
2022-01-13,43903.4675,44416.583,42312.0725,42560.4798,20581.0
2022-01-12,42723.9619,44321.1118,42449.3445,43904.4313,20661.0
2022-01-11,41814.6635,43094.5423,41263.5515,42723.1998,24859.0
2022-01-10,41862.1946,42242.0001,39659.255,41812.1563,29117.0
2022-01-09,41677.3643,42778.7149,41270.9977,41865.1166,16699.0
2022-01-08,41563.3152,42301.1045,40533.1396,41679.3821,21867.0
2022-01-07,43072.7366,43122.7699,40857.0677,41554.5072,29996.0
2022-01-06,43450.8075,43795.209,42437.4996,43080.0817,25059.0
2022-01-05,45830.4333,47054.9105,42662.3191,43445.6366,27556.0
2022-01-04,46446.5728,47516.4925,45564.7806,45836.4263,21253.0
2022-01-03,47288.6552,47574.8034,45707.764,46443.9671,17781.0
2022-01-02,47726.6425,47978.0577,46666.0343,47290.9161,14041.0
2022-01-01,46214.8084,47943.5914,46210.1788,47726.5507,14104.0
2021-12-31,47131.2437,48559.5525,45674.0457,46214.2652,24020.0
2021-12-30,46474.0157,47906.1453,45980.0628,47124.0326,19484.0
2021-12-29,47560.072,48152.2117,46095.3692,46478.7307,22674.0
2021-12-28,50698.8179,50705.8141,47309.1648,47539.1469,27924.0
2021-12-27,50774.6011,52079.2996,50449.1057,50706.6993,18350.0
2021-12-26,50404.0934,51278.764,49485.8107,50774.3615,15036.0
2021-12-25,50813.8994,51141.1117,50180.3572,50417.4666,12871.0
2021-12-24,50827.6978,51816.4455,50426.3672,50808.7954,17219.0
2021-12-23,48583.4903,51365.1649,48020.8398,50806.5891,21070.0
2021-12-22,48890.5131,49563.1632,48427.4577,48588.314,16873.0
2021-12-21,46907.7982,49318.2589,46650.6658,48892.0777,20403.0
2021-12-20,46674.328,47479.7177,45566.5,46904.1883,23945.0
2021-12-19,46830.8826,48244.0051,46421.4847,46676.567,21325.0
2021-12-18,46140.4656,47345.4615,45490.6774,46831.7145,17937.0
2021-12-17,47633.2764,47998.7105,45453.8907,46145.5069,22509.0
2021-12-16,48870.8128,49431.8938,47517.1032,47630.4329,19618.0
2021-12-15,48352.1379,49488.5222,46570.2392,48869.5026,26723.0
2021-12-14,46661.6854,48655.0214,46277.0264,48351.911,24332.0
2021-12-13,50058.5737,50193.831,45771.1294,46703.8021,30147.0
2021-12-12,49392.5782,50754.1991,48645.5514,50061.8498,17716.0
2021-12-11,47147.9393,49482.2571,46763.9074,49383.2835,20573.0
2021-12-10,47545.7057,50013.6652,46868.8893,47145.758,29024.0
2021-12-09,50472.1894,50793.0389,47322.2922,47594.6971,26399.0
2021-12-08,50584.2503,51189.1145,48622.9176,50465.7419,22324.0
2021-12-07,50449.1965,51909.0567,50030.7073,50583.1022,23736.0
2021-12-06,49398.0251,50885.3823,47178.2217,50454.6654,31137.0
2021-12-05,49164.9912,49694.0981,47755.8161,49395.4634,24888.0
2021-12-04,53636.8075,53866.3871,42719.3419,49166.8298,41267.0
2021-12-03,56482.1899,57532.8051,52127.8617,53598.7818,24054.0
2021-12-02,57180.8339,57369.7799,55781.1773,56484.6987,18841.0
2021-12-01,56943.1259,59036.4608,56472.4137,57182.9072,20153.0
2021-11-30,57777.6687,59177.424,55884.4249,56931.4876,20978.0
2021-11-29,57278.7812,58839.1187,56681.3204,57777.9835,18293.0
2021-11-28,54721.7966,57434.3346,53284.851,57275.3403,16792.0
2021-11-27,53756.6437,55279.8792,53609.7533,54731.0314,13936.0
2021-11-26,58937.3203,59146.1863,53500.33,53702.5328,24360.0
2021-11-25,57136.8592,59389.7317,57009.1409,58937.7583,17421.0
2021-11-24,57541.1621,57729.7643,55915.0992,57136.9128,6590.0
2021-11-23,56253.2519,57859.7773,55613.1982,57541.0134,7824.0
2021-11-22,58628.4879,59298.0687,55622.6889,56251.791,25931.0
2021-11-21,59706.7567,60020.8289,58469.0372,58610.8287,14976.0
2021-11-20,58052.5309,59845.6962,57374.4818,59701.1015,16041.0
2021-11-19,56943.2298,58322.4411,55602.877,58053.4068,22571.0
2021-11-18,60344.2005,60958.0711,56477.0582,56885.7024,26638.0
2021-11-17,60069.9497,60819.6481,58426.418,60341.9001,23406.0
2021-11-16,63608.0777,63609.6458,58639.984,60065.4681,32165.0
2021-11-15,65503.5274,66340.4719,63397.248,63610.0071,17783.0
2021-11-14,64377.7751,65507.8064,63575.7824,65502.5402,13904.0
2021-11-13,64124.8385,64940.1708,63299.0541,64377.0043,11116.0
2021-11-12,64774.008,65458.9035,62269.0344,64123.8793,21130.0
2021-11-11,64874.1201,65592.3143,64006.6703,64777.5499,16811.0
2021-11-10,66944.8432,68942.9286,63293.3684,64888.588,23235.0
2021-11-09,67512.6711,68503.5008,66258.4556,66941.4026,18338.0
2021-11-08,63271.5146,67782.6121,63253.0115,67513.7964,25129.0
2021-11-07,61471.1084,63272.1222,61330.1954,63259.9515,14141.0
2021-11-06,60947.6104,61548.4689,60058.7869,61469.016,14375.0
2021-11-05,61402.5892,62589.5503,60728.0449,60948.4399,16763.0
2021-11-04,62895.4813,63086.1912,60687.5198,61403.4797,17549.0
2021-11-03,63216.4939,63507.1064,61147.1217,62894.0375,18559.0
2021-11-02,60898.676,64247.7989,60617.509,63212.7552,20822.0
2021-11-01,61295.5258,62439.8498,59584.6047,60905.0402,22346.0
2021-10-31,61860.4477,62397.6129,59987.7601,61295.0684,20201.0
2021-10-30,62250.1895,62364.3922,60722.1477,61842.8804,15843.0
2021-10-29,60581.0234,62956.9378,60217.6889,62254.1206,22480.0
2021-10-28,58413.6011,62301.5867,57851.6296,60590.4999,30069.0
2021-10-27,60324.4529,61485.302,58116.2876,58411.2137,26370.0
2021-10-26,63081.8793,63283.4292,59872.2059,60314.2585,18687.0
2021-10-25,60855.01,63704.7038,60647.6636,63080.2943,20326.0
2021-10-24,61293.4805,61489.5849,59520.7796,60857.3635,17911.0
2021-10-23,60689.1886,61745.096,59744.0074,61294.5732,17012.0
2021-10-22,62201.0227,63721.8013,60099.7716,60692.5809,25983.0
2021-10-21,66003.9121,66652.9668,62024.3843,62204.4395,39882.0
2021-10-20,64279.0678,66974.6851,63488.2439,66005.5434,32239.0
2021-10-19,62017.5537,64469.6979,61461.3765,64277.5361,34405.0
2021-10-18,61525.4076,62686.5632,60001.7276,62018.3002,32425.0
2021-10-17,60877.0926,61710.49,59050.2904,61517.8922,23745.0
2021-10-16,61674.8281,62359.2197,60154.6346,60876.9262,21414.0
2021-10-15,57342.3858,63715.8798,56862.8973,61679.4876,45839.0
2021-10-14,57366.8056,58527.5955,56811.0174,57342.4369,25791.0
2021-10-13,56004.6854,57770.7556,54247.4809,57366.2008,29814.0
2021-10-12,57471.2061,57664.011,54168.1981,56008.9257,33705.0
2021-10-11,54664.353,57830.4505,54435.9169,57474.925,29229.0
2021-10-10,54946.708,56440.809,54099.0495,54671.6388,27419.0
2021-10-09,53944.6444,55485.4236,53661.9822,54946.8087,19161.0
2021-10-08,53780.5555,55994.6125,53618.9392,53946.6356,26796.0
2021-10-07,55316.2679,55328.2636,53177.0009,53777.2293,30190.0
2021-10-06,51477.2253,55713.5134,50395.2924,55313.3244,39285.0
2021-10-05,49223.22,51869.961,49034.4775,51451.6416,29884.0
2021-10-04,48200.7138,49491.2284,46963.2442,49222.5884,32589.0
2021-10-03,47641.2201,49184.9406,47095.2997,48201.6609,21394.0
2021-10-02,48145.845,48341.2925,47428.195,47640.0273,18629.0
2021-10-01,43820.2563,48461.4627,43281.5882,48141.7399,37991.0
2021-09-30,41529.079,44114.1466,41415.2701,43816.5724,34603.0
2021-09-29,41038.0122,42612.8334,40757.2413,41529.167,22101.0
2021-09-28,42143.1787,42756.7175,40888.5656,41046.6346,26570.0
2021-09-27,43164.794,44349.2041,42130.2073,42190.9469,24961.0
2021-09-26,42672.2248,44003.4676,40777.7429,43174.6577,28565.0
2021-09-25,42808.2493,42973.726,41649.2338,42674.1975,22885.0
2021-09-24,44859.0682,45145.2048,40793.8236,42809.4131,40968.0
2021-09-23,43547.9706,44980.4147,43069.1497,44864.4564,25139.0
2021-09-22,40730.1336,44004.9482,40566.3117,43550.996,34315.0
2021-09-21,43008.9314,43727.8379,39656.2808,40723.254,52692.0
2021-09-20,47245.0535,47343.3022,42492.1075,43011.8414,49979.0
2021-09-19,48291.9175,48366.6334,46837.4028,47242.3557,17792.0
2021-09-18,47292.6306,48818.975,47039.8422,48292.4187,18146.0
2021-09-17,47731.1184,48135.82,46764.9982,47291.3536,18433.0
2021-09-16,48128.6596,48498.5639,47030.3036,47741.6471,23321.0
2021-09-15,47106.6037,48447.1123,46692.1272,48128.0555,21559.0
2021-09-14,44942.2594,47246.8277,44664.6235,47106.6785,22029.0
2021-09-13,45846.4127,46673.6195,43444.6842,44941.4175,27752.0
2021-09-12,45165.5821,46431.3127,44741.6657,46011.1957,16301.0
2021-09-11,44850.8791,45978.1202,44744.2219,45166.1279,17056.0
2021-09-10,46390.7356,47032.3476,44141.932,44851.1805,28292.0
2021-09-09,46050.0488,47386.8949,45514.4405,46391.594,24571.0
2021-09-08,46832.3703,47316.4512,44425.7165,46053.1149,31220.0
2021-09-07,52665.0521,52920.7504,43424.8444,46910.8866,35052.0
2021-09-06,51766.9055,52792.9619,51058.1991,52664.326,19173.0
2021-09-05,49908.2703,51886.415,49453.6505,51766.5744,19286.0
2021-09-04,50001.2978,50536.5087,49363.4871,49907.52,15724.0
2021-09-03,49248.8658,51007.2029,48324.4836,49998.7343,26299.0
2021-09-02,48822.8605,50355.1939,48599.1576,49254.094,23982.0
2021-09-01,47104.5254,49104.8621,46511.4987,48819.574,23662.0
2021-08-31,46976.2407,48247.7877,46698.5047,47106.1192,22446.0
2021-08-30,48763.7654,48872.6373,46846.5478,46978.643,21045.0
2021-08-29,48899.2493,49663.721,47769.3643,48764.9469,16115.0
2021-08-28,49061.1323,49281.2031,48338.2469,48888.1319,13676.0
2021-08-27,46835.4273,49151.5844,46339.1366,49051.6803,21843.0
2021-08-26,48976.7519,49346.0962,46360.0,46833.3504,24948.0
2021-08-25,47671.4461,49259.9545,47129.9288,48977.6637,21341.0
2021-08-24,49482.6806,49868.8619,47591.4312,47674.486,22419.0
2021-08-23,49240.6416,50508.1251,49019.8014,49486.0235,24783.0
2021-08-22,48825.3632,49495.2122,48084.0318,49242.686,17340.0
2021-08-21,49327.7665,49777.2331,48219.9009,48825.9357,19542.0
2021-08-20,46763.7019,49394.5059,46635.1176,49324.4377,21001.0
2021-08-19,44704.9244,47052.6517,43923.9976,46762.9516,20942.0
2021-08-18,44687.3746,46015.7179,44259.5401,44705.9724,24021.0
2021-08-17,45895.1723,47152.4807,44442.4941,44686.6625,32357.0
2021-08-16,46983.545,48046.0159,45645.9621,45898.4123,22922.0
2021-08-15,47075.0789,47374.4318,45484.6673,46983.5861,19629.0
2021-08-14,47800.5974,48148.068,45992.3326,47072.582,20242.0
2021-08-13,44403.8021,47889.7295,44225.8624,47800.9647,21616.0
2021-08-12,45516.9369,46211.5893,43756.8997,44404.4959,28188.0
2021-08-11,45586.9837,46738.2082,45344.6085,45526.3393,20311.0
2021-08-10,46261.0265,46700.166,44642.0856,45581.3829,20527.0
2021-08-09,43795.6917,46466.8457,42783.7689,46266.5652,27135.0
2021-08-08,44579.6875,45315.4748,43269.5531,43796.4228,26144.0
2021-08-07,42837.4928,44705.4939,42441.8121,44579.2931,32522.0
2021-08-06,40867.2315,43380.8273,39864.3964,42835.2699,28353.0
2021-08-05,39726.634,41350.9633,37329.0723,40865.0992,27710.0
2021-08-04,38202.3964,39963.1452,37503.876,39730.1361,18745.0
2021-08-03,39150.5928,39772.8742,37649.91,38204.6612,24028.0
2021-08-02,39849.0273,40463.2787,38690.0775,39151.5625,20453.0
2021-08-01,41464.8911,42582.1008,39449.8719,39851.3792,21158.0
2021-07-31,42199.6616,42400.9387,41033.6754,41462.221,17241.0
2021-07-30,40024.9606,42298.9006,38325.8071,42204.5813,22460.0
2021-07-29,40019.639,40643.119,39250.7663,40023.2438,21070.0
2021-07-28,39460.7926,40889.2841,38767.3745,40017.5424,33330.0
2021-07-27,37239.1699,39538.4907,36381.0668,39462.9501,25974.0
2021-07-26,35381.9008,40538.7365,35210.9353,37240.4507,61600.0
2021-07-25,34254.0921,35397.417,33848.4058,35384.2974,15526.0
2021-07-24,33630.6722,34489.9911,33404.1192,34255.4511,13792.0
2021-07-23,32286.6232,33633.8596,31982.6636,33629.8609,14159.0
2021-07-22,32142.8764,32587.0443,31722.7874,32287.4013,12119.0
2021-07-21,29787.9681,32815.5101,29493.9161,32141.2166,25403.0
2021-07-20,30838.2948,31054.8077,29285.9778,29784.9548,21591.0
2021-07-19,31778.2361,31891.1273,30413.6347,30833.2955,14478.0
2021-07-18,31517.1555,32439.5322,31162.7359,31776.594,14769.0
2021-07-17,31381.9351,31949.483,31174.1504,31517.5105,10882.0
2021-07-16,31877.0479,32238.6881,31030.8991,31382.3762,13354.0
2021-07-15,32817.7972,33183.1845,31151.8059,31873.8249,18843.0
2021-07-14,32726.8985,33122.2339,31588.0929,32818.3483,15851.0
2021-07-13,33096.5997,33329.6736,32204.059,32724.3276,13106.0
2021-07-12,34263.3746,34679.8138,32656.0042,33097.0983,15508.0
2021-07-11,33512.2515,34610.031,33315.653,34262.4465,10120.0
2021-07-10,33815.3736,34257.4693,33038.3693,33510.1963,12643.0
2021-07-09,32869.6699,34092.8673,32273.5102,33817.19,14612.0
2021-07-08,33855.9918,33923.2659,32100.9696,32874.7764,20388.0
2021-07-07,34219.3656,35051.3913,33782.2444,33857.668,15433.0
2021-07-06,33690.0604,35105.9285,33523.5474,34222.4464,20761.0
2021-07-05,35281.5757,35282.8183,33134.0015,33685.8006,21155.0
2021-07-04,34668.1279,35957.5149,34355.4393,35283.6188,13713.0
2021-07-03,33788.1058,34956.5292,33318.3192,34668.2154,15695.0
2021-07-02,33506.4422,33975.3929,32706.566,33787.9293,25583.0
2021-07-01,35041.1563,35052.8037,32765.5006,33555.5146,31327.0
2021-06-30,35899.3333,36089.9143,34016.4376,35041.3433,35467.0
2021-06-29,34488.1672,36594.2608,34238.564,35866.1945,29824.0
2021-06-28,34704.1837,35291.7023,33874.313,34486.1371,27799.0
2021-06-27,32282.6866,34740.3134,31997.8956,34700.5948,35677.0
2021-06-26,31581.37,32720.0935,30155.1791,32281.1773,48584.0
2021-06-25,34661.7614,35498.465,31286.384,31585.6817,46656.0
2021-06-24,33675.5381,35285.3023,32314.8682,34661.3342,32263.0
2021-06-23,32503.5362,34824.5131,31720.188,33673.3324,45757.0
2021-06-22,31621.0188,33286.9178,28810.2332,32499.7754,86348.0
2021-06-21,35599.6507,35745.3897,31267.8432,31623.164,80218.0
2021-06-20,35484.5583,36029.145,33343.0389,35597.635,32256.0
2021-06-19,35822.2126,36455.1707,34811.5536,35488.569,23763.0
2021-06-18,38092.4865,38200.1614,35120.3994,35821.5721,32078.0
2021-06-17,38351.1251,39561.5413,37358.2799,38088.4363,28087.0
2021-06-16,40147.177,40491.0416,38112.7202,38349.4158,33879.0
2021-06-15,40520.1599,41329.2208,39523.3492,40152.3969,34876.0
2021-06-14,39014.4273,41011.1299,38737.3104,40522.7648,36207.0
2021-06-13,35546.2567,39358.2163,34767.9067,39015.1856,30266.0
2021-06-12,37329.3085,37449.6529,34613.0289,35543.3091,27523.0
2021-06-11,36682.3278,37675.1167,35951.3895,37335.421,27161.0
2021-06-10,37384.7924,38455.6714,35798.356,36677.8266,37229.0
2021-06-09,33380.3687,37521.6994,32400.8427,37379.5945,50370.0
2021-06-08,33558.6864,34057.2035,31045.282,33380.4878,50992.0
2021-06-07,35802.205,36797.9416,33300.3449,33566.0936,34211.0
2021-06-06,35513.7439,36461.0313,35233.8802,35798.6082,19222.0
2021-06-05,36831.8233,37905.3547,34827.0567,35512.7255,37704.0
2021-06-04,39161.2136,39194.5913,35569.4065,36831.6388,44832.0
2021-06-03,37578.4235,39474.9682,37177.1399,39242.3486,22251.0
2021-06-02,36694.6797,38211.5251,35925.3265,37575.8654,15701.0
2021-06-01,37255.5391,37891.9312,35692.6519,36692.779,36432.0
2021-05-31,35639.2603,37498.2029,34144.9501,37257.0521,28164.0
2021-05-30,34602.3387,36492.6688,33385.6593,35641.5662,23900.0
2021-05-29,35662.9794,37320.8284,33628.8909,34600.783,35951.0
2021-05-28,38508.408,38859.3674,34689.2647,35662.5964,43928.0
2021-05-27,39234.716,40411.8282,37337.3293,38524.3607,25500.0
2021-05-26,38320.5275,40835.0006,37886.3919,39232.1527,21485.0
2021-05-25,38801.3634,39745.6756,36462.7566,38325.3729,20683.0
2021-05-24,34689.0646,39540.0551,34403.6719,38524.7164,33159.0
2021-05-23,37448.3324,38273.5296,31112.2096,34682.7593,50349.0
2021-05-22,37266.1713,38829.9558,35343.7151,37450.4221,37042.0
2021-05-21,40506.4164,42079.023,33634.6782,37255.8714,47341.0
2021-05-20,36985.5744,42403.2122,34952.6663,40512.5921,43069.0
2021-05-19,42851.2815,43532.4558,29621.9892,36841.6327,62717.0
2021-05-18,43540.6436,45777.6894,42271.3239,42854.9697,31482.0
2021-05-17,46097.0736,46364.3137,42132.6017,43540.2026,33076.0
2021-05-16,46765.8341,49793.5792,43886.2935,46373.6838,21950.0
2021-05-15,49848.9187,50635.2065,46564.8821,46768.3826,17206.0
2021-05-14,49661.632,51436.3096,48838.3815,49851.9865,17042.0
2021-05-13,48418.1796,51344.6819,46308.6498,49675.3524,30263.0
2021-05-12,56671.511,57962.6467,48799.1367,49298.9254,17852.0
2021-05-11,55813.989,56848.9958,54460.7666,56662.9943,11037.0
2021-05-10,58248.7032,59511.335,53671.3015,55809.0456,15601.0
2021-05-09,58858.8611,59195.6914,56436.0896,58245.3463,11924.0
2021-05-08,57305.6782,59475.6971,56934.2212,58859.0314,15001.0
2021-05-07,56396.5925,58625.2429,55362.9875,57305.8155,10584.0
2021-05-06,57443.7431,58330.013,55256.3262,56396.1575,9489.0
2021-05-05,53201.5577,57979.6862,52992.2478,57440.0075,12125.0
2021-05-04,57121.5276,57311.0093,52829.0626,53217.2986,12798.0
2021-05-03,56582.0214,58970.8196,56440.6112,57175.4243,10669.0
2021-05-02,57802.7339,57910.3198,56060.5468,56582.9168,6948.0
2021-05-01,57703.4287,58456.3674,57026.7986,57802.2184,7527.0
2021-04-30,53557.1131,57896.4008,53042.8128,57647.4771,12791.0
2021-04-29,54840.4707,55178.8048,52339.0761,53557.0192,11511.0
2021-04-28,54985.5482,56258.3971,53832.4786,54800.327,17107.0
2021-04-27,53995.09,55445.7578,53251.83,55020.8456,12973.0
2021-04-26,49075.6202,54338.5386,48768.6842,53991.4808,20683.0
2021-04-25,50046.0698,50552.4302,46990.3151,49072.4945,14675.0
2021-04-24,51114.9299,51156.8601,48675.0078,50036.9689,13357.0
2021-04-23,51647.7872,52123.193,47694.6205,51115.5565,24892.0
2021-04-22,53785.2707,55445.3187,50532.1681,51704.8659,20228.0
2021-04-21,56426.1742,56764.4196,53649.4193,53811.8934,12320.0
2021-04-20,55637.3705,57059.4374,53341.0839,56429.9735,17658.0
2021-04-19,56257.3864,57487.611,54431.8761,55638.1191,13344.0
2021-04-18,60118.3379,60365.4778,51349.6292,56038.7852,25399.0
2021-04-17,61343.5589,62502.0125,59589.2181,60003.9193,8884.0
2021-04-16,63267.1864,63503.7753,60046.8018,61345.48,12501.0
2021-04-15,62964.7752,63767.7318,62002.4369,63148.1632,8832.0
2021-04-14,63577.8924,64787.9022,61338.6321,62965.332,13852.0
2021-04-13,59849.763,63729.3555,59802.7916,63575.9741,14766.0
2021-04-12,60006.1707,61196.9718,59482.3465,59850.22,10588.0
2021-04-11,59777.4342,60696.1625,59232.4466,60003.6715,6938.0
2021-04-10,58138.47,61307.7842,57899.1641,59774.2898,14363.0
2021-04-09,58079.5397,58929.5909,57660.047,58138.454,8509.0
2021-04-08,55964.5269,58151.717,55694.8144,58082.9891,9368.0
2021-04-07,57992.792,58660.3101,55455.3816,55963.6017,13867.0
2021-04-06,59130.1637,59494.6379,57401.093,57992.7473,10161.0
2021-04-05,58205.1548,59263.8927,56774.994,59129.0598,10259.0
2021-04-04,57073.4671,58495.5837,56381.8671,58204.7595,7373.0
2021-04-03,58967.8892,59792.6802,56928.1351,57097.6706,8993.0
2021-04-02,58737.1746,60133.1551,58462.8585,58978.5097,10235.0
2021-04-01,58749.58,59493.5675,57932.7084,58735.5833,11362.0
2021-03-31,58754.3767,59770.3509,57196.7859,58750.3325,12672.0
2021-03-30,57858.339,59191.179,57448.3207,58682.9271,958.0
2021-03-29,55741.338,58324.2213,54947.4828,57610.6365,837.0
2021-03-28,55749.8322,56960.1996,54735.1899,55724.1107,588.0
2021-03-27,54981.4,56583.3,53995.0,55780.5,673.0
2021-03-26,51310.7,55022.5,51256.6,54981.4,1491.0
2021-03-25,52360.4,53198.6,50500.5,51306.3,2765.0
2021-03-24,54340.5,57158.2,51247.8,52378.5,1618.0
2021-03-23,54100.3,55789.3,53044.1,54340.5,1371.0
2021-03-22,57346.8,58406.0,53717.5,54127.4,1399.0
2021-03-21,58135.8,58564.1,55498.3,57340.4,867.0
2021-03-20,58027.2,59840.8,57866.4,58128.3,783.0
2021-03-19,57660.1,59398.8,56347.4,58027.2,744.0
2021-03-18,58825.8,60100.0,57085.8,57680.2,1323.0
2021-03-17,56910.7,58916.3,54179.7,58835.2,1585.0
2021-03-16,55675.8,56910.7,53361.1,56910.7,1723.0
2021-03-15,58999.8,60608.8,54759.1,55676.0,2392.0
2021-03-14,61144.0,61648.2,59032.9,59032.9,936.0
2021-03-13,57262.1,61792.1,55807.4,61144.0,1599.0
2021-03-12,57715.1,58020.8,55087.4,57268.9,2211.0
2021-03-11,55990.0,58158.8,54317.9,57715.1,2230.0
2021-03-10,54858.7,57347.9,53042.4,55837.7,2752.0
2021-03-09,54298.8,54858.7,53908.2,54858.7,142.0
2021-03-01,45121.8,47467.3,44981.9,47308.1,1084.0
2021-02-28,46109.1,46619.2,43006.3,45133.7,3707.0
2021-02-27,46345.5,48367.5,45010.0,46119.3,2412.0
2021-02-26,47080.4,48403.5,44154.2,46260.6,4737.0
2021-02-25,50094.9,51970.9,46731.9,47100.3,2459.0
2021-02-24,48910.1,51314.1,47030.0,49836.9,1241.0
2021-02-23,54063.0,54143.2,44975.9,48910.1,6886.0
2021-02-22,52913.0472,54716.7428,51976.2588,54139.732,1488.0
